Modelo,Valor,Local
IPHONE 6S,200.0,AQUIRAZ
IPHONE 5S,250.0,FORTALEZA VILA UNIÃO
IPHONE 6S,300.0,FORTALEZA BENFICA
IPHONE SE,300.0,FORTALEZA FÁTIMA
IPHONE 6,300.0,FORTALEZA VICENTE PINZON
IPHONE 5S,350.0,FORTALEZA GRANJA LISBOA
IPHONE 6S,350.0,FORTALEZA PAUPINA
IPHONE 6,350.0,FORTALEZA BARROSO
IPHONE SE,350.0,CAUCAIA PLANALTO CAUCAIA
IPHONE 6S,350.0,FORTALEZA PAUPINA
IPHONE 6,350.0,FORTALEZA SIQUEIRA
IPHONE 7,380.0,FORTALEZA PASSARÉ
IPHONE 6S PLUS,400.0,FORTALEZA JARDIM DAS OLIVEIRAS
IPHONE 7,400.0,FORTALEZA BARROSO
IPHONE 6,400.0,FORTALEZA SAPIRANGA-COITÉ
IPHONE 6S PLUS,400.0,PACATUBA SENADOR CARLOS JEREISSATI
IPHONE 6S,400.0,FORTALEZA FLORESTA
IPHONE 7,400.0,FORTALEZA CRISTO REDENTOR
IPHONE 6S,430.0,FORTALEZA JÓQUEI CLUBE
IPHONE 6S,450.0,FORTALEZA ÁLVARO WEYNE
IPHONE 6,450.0,FORTALEZA CAJAZEIRAS
IPHONE 6S,450.0,CAUCAIA ARIANÓPOLIS (JUREMA)
IPHONE 7,450.0,FORTALEZA QUINTINO CUNHA
IPHONE 6S,450.0,FORTALEZA GRANJA PORTUGAL
IPHONE 7 PLUS,450.0,FORTALEZA GENIBAÚ
IPHONE 6S,450.0,FORTALEZA JARDIM CEARENSE
IPHONE 6S,450.0,FORTALEZA JACARECANGA
IPHONE 7,450.0,FORTALEZA QUINTINO CUNHA
IPHONE 6S,450.0,FORTALEZA PARQUE SANTA MARIA
IPHONE 6 PLUS,450.0,ITAITINGA
IPHONE 6S,450.0,MARACANAÚ ACARACUZINHO
IPHONE 6S,470.0,FORTALEZA PARQUELÂNDIA
IPHONE 7,470.0,FORTALEZA BOM JARDIM
IPHONE 6S,480.0,FORTALEZA PARQUE SÃO JOSÉ
IPHONE 6 PLUS,480.0,FORTALEZA SERRINHA
IPHONE 7,499.0,FORTALEZA CURIÓ
IPHONE 6PLUS 128GB ,500.0,FORTALEZA SERRINHA
IPHONE 6S PLUS,500.0,FORTALEZA BOM JARDIM
IPHONE 6S,500.0,PINDORETAMA
IPHONE 6S,500.0,EUSÉBIO COITÉ
IPHONE 7,500.0,MARANGUAPE NOVO MARANGUAPE II
IPHONE 7,500.0,FORTALEZA JANGURUSSU
IPHONE 7,500.0,CAUCAIA PLANALTO CAUCAIA
IPHONE 7,500.0,FORTALEZA NOVO MONDUBIM
IPHONE 6S,500.0,ITAITINGA
IPHONE 7,500.0,FORTALEZA CONJUNTO CEARÁ II
IPHONE 7,500.0,FORTALEZA DIAS MACEDO
IPHONE 7,500.0,FORTALEZA PARQUELÂNDIA
IPHONE 7,500.0,PACATUBA PAVUNA
IPHONE 6S,500.0,FORTALEZA VILA VELHA
IPHONE 7 PLUS,500.0,FORTALEZA GENIBAÚ
IPHONE 7 PLUS,500.0,FORTALEZA GENIBAÚ
IPHONE 7,500.0,MARANGUAPE NOVO MARANGUAPE II
IPHONE 6S PLUS,500.0,FORTALEZA JARDIM DAS OLIVEIRAS
IPHONE 7,525.0,CAUCAIA MARECHAL RONDON (JUREMA)
IPHONE 6S,549.0,FORTALEZA JANGURUSSU
IPHONE 7,550.0,FORTALEZA HENRIQUE JORGE
IPHONE 6S,550.0,MARACANAÚ JAÇANAÚ
IPHONE 7,550.0,FORTALEZA BELA VISTA
IPHONE 7,550.0,FORTALEZA SAPIRANGA-COITÉ
IPHONE 7,550.0,FORTALEZA PICI
IPHONE 6S PLUS,550.0,FORTALEZA BARRA DO CEARÁ
IPHONE 7,550.0,FORTALEZA SAPIRANGA-COITÉ
IPHONE 6S,550.0,FORTALEZA MANOEL SÁTIRO
IPHONE 7,550.0,FORTALEZA MUCURIPE
IPHONE 6S,550.0,CAUCAIA CONJUNTO METROPOLITANO
IPHONE 7,550.0,FORTALEZA JANGURUSSU
IPHONE 6S,550.0,FORTALEZA FÁTIMA
IPHONE 5S ROSE,560.0,FORTALEZA PRESIDENTE KENNEDY
IPHONE 6S,565.0,FORTALEZA JOSÉ DE ALENCAR
IPHONE SE,570.0,FORTALEZA SAPIRANGA-COITÉ
IPHONE 7,580.0,FORTALEZA CIDADE 2000
IPHONE 6S,590.0,FORTALEZA JOAQUIM TÁVORA
IPHONE 6S,590.0,FORTALEZA JOAQUIM TÁVORA
IPHONE 7 PLUS,599.0,FORTALEZA ALDEOTA
IPHONE 7,600.0,FORTALEZA CANINDEZINHO
IPHONE 6,600.0,FORTALEZA PEDRAS
IPHONE 7,600.0,FORTALEZA DENDÊ
IPHONE 6S,600.0,FORTALEZA JOSÉ BONIFÁCIO
IPHONE 7,600.0,FORTALEZA SALINAS
IPHONE 7 PLUS,600.0,FORTALEZA BARRA DO CEARÁ
IPHONE 7,600.0,FORTALEZA PAPICU
IPHONE 7,600.0,FORTALEZA GRANJA LISBOA
IPHONE 7,600.0,MARANGUAPE NOVO MARANGUAPE II
IPHONE 7,600.0,FORTALEZA GRANJA PORTUGAL
IPHONE ,600.0,FORTALEZA PICI
IPHONE 7,600.0,FORTALEZA SAPIRANGA-COITÉ
IPHONE 7,600.0,FORTALEZA ANTÔNIO BEZERRA
IPHONE 7 PLUS,600.0,MARANGUAPE NOVO MARANGUAPE II
IPHONE 7,600.0,FORTALEZA CIDADE DOS FUNCIONÁRIOS
IPHONE 7,600.0,FORTALEZA PLANALTO AYRTON SENNA
IPHONE 7,600.0,FORTALEZA MEIRELES
IPHONE 11,600.0,FORTALEZA BOM FUTURO
IPHONE 6,600.0,CAUCAIA NOVA METRÓPOLE (JUREMA)
IPHONE 7,600.0,FORTALEZA BOM JARDIM
IPHONE 7,600.0,FORTALEZA JARDIM GUANABARA
IPHONE 6S,600.0,EUSÉBIO
IPHONE 7,650.0,FORTALEZA EDSON QUEIROZ
IPHONE 7,650.0,FORTALEZA SERRINHA
IPHONE 7,650.0,FORTALEZA CARLITO PAMPLONA
IPHONE 6,650.0,FORTALEZA EDSON QUEIROZ
IPHONE 7,650.0,MARACANAÚ JARDIM BANDEIRANTES
IPHONE 7,650.0,FORTALEZA JÓQUEI CLUBE
IPHONE 7,650.0,FORTALEZA ALTO DA BALANÇA
IPHONE 7,650.0,FORTALEZA ENGENHEIRO LUCIANO CAVALCANTE
IPHONE 7 PLUS,650.0,CAUCAIA PARQUE GUADALAJARA (JUREMA)
IPHONE 7,650.0,FORTALEZA PARQUE IRACEMA
IPHONE 6S,650.0,FORTALEZA MEIRELES
IPHONE 7,680.0,FORTALEZA CENTRO
IPHONE 7,680.0,FORTALEZA BOM FUTURO
IPHONE 7,700.0,FORTALEZA RODOLFO TEÓFILO
IPHONE 7,700.0,FORTALEZA PASSARÉ
IPHONE X,700.0,FORTALEZA CARLITO PAMPLONA
IPHONE 7,700.0,FORTALEZA CENTRO
IPHONE 8,700.0,FORTALEZA CAJAZEIRAS
IPHONE 7,700.0,FORTALEZA JACARECANGA
IPHONE 7,700.0,MARACANAÚ ACARACUZINHO
IPHONE 7,700.0,FORTALEZA ALDEOTA
IPHONE 7 PLUS,700.0,MARACANAÚ JEREISSATI I
IPHONE 6,700.0,FORTALEZA JARDIM DAS OLIVEIRAS
IPHONE 7,700.0,FORTALEZA SIQUEIRA
IPHONE 7,700.0,FORTALEZA MOURA BRASIL
IPHONE 7,700.0,FORTALEZA JARDIM CEARENSE
IPHONE 7,700.0,AQUIRAZ
IPHONE 7 PLUS,700.0,FORTALEZA AUTRAN NUNES
IPHONE 7,700.0,MARACANAÚ ACARACUZINHO
IPHONE 7,700.0,FORTALEZA CRISTO REDENTOR
IPHONE 7,700.0,FORTALEZA DEMÓCRITO ROCHA
IPHONE 7,700.0,MARACANAÚ HORTO
IPHONE 6S,700.0,FORTALEZA MANOEL SÁTIRO
IPHONE 8,700.0,FORTALEZA PARQUELÂNDIA
IPHONE 7,700.0,FORTALEZA PARQUE DOIS IRMÃOS
IPHONE 7,700.0,FORTALEZA JANGURUSSU
IPHONE 7,700.0,FORTALEZA BONSUCESSO
IPHONE 7,700.0,FORTALEZA MESSEJANA
IPHONE 6S PLUS,700.0,FORTALEZA CENTRO
IPHONE 7 PLUS,700.0,CAUCAIA PLANALTO CAUCAIA
IPHONE 7 PLUS,700.0,FORTALEZA VILA UNIÃO
IPHONE 7,700.0,FORTALEZA PARQUE DOIS IRMÃOS
IPHONE 7 PLUS,720.0,FORTALEZA AMADEU FURTADO
IPHONE 7 PLUS,749.0,FORTALEZA CAIS DO PORTO
IPHONE 7 PLUS,750.0,FORTALEZA NOVO MONDUBIM
IPHONE 7,750.0,FORTALEZA PARREÃO
IPHONE 7 PLUS,750.0,FORTALEZA CAIS DO PORTO
IPHONE 8,750.0,FORTALEZA GRANJA PORTUGAL
IPHONE 7,750.0,FORTALEZA ARACAPÉ
IPHONE 8,750.0,FORTALEZA VILA VELHA
IPHONE 7,750.0,EUSÉBIO TAMATANDUBA
IPHONE 8,750.0,FORTALEZA BARROSO
IPHONE 7,750.0,FORTALEZA JANGURUSSU
IPHONE 7 PLUS,750.0,PACATUBA SENADOR CARLOS JEREISSATI
IPHONE 7,750.0,FORTALEZA MESSEJANA
IPHONE 7,750.0,CAUCAIA CIGANA
IPHONE 7,750.0,MARACANAÚ PAJUÇARA
IPHONE 8,750.0,FORTALEZA CAJAZEIRAS
IPHONE 7 PLUS,750.0,FORTALEZA CENTRO
IPHONE 7 PLUS,750.0,FORTALEZA CAIS DO PORTO
IPHONE 7 PLUS,750.0,FORTALEZA CONJUNTO CEARÁ I
IPHONE XR,750.0,FORTALEZA JANGURUSSU
IPHONE 7,750.0,FORTALEZA PASSARÉ
IPHONE 8,750.0,FORTALEZA ANTÔNIO BEZERRA
IPHONE 6,750.0,FORTALEZA JANGURUSSU
IPHONE XR,750.0,FORTALEZA JANGURUSSU
IPHONE 8 PLUS,770.0,FORTALEZA SERRINHA
IPHONE 7 PLUS,780.0,FORTALEZA FÁTIMA
IPHONE 7,780.0,FORTALEZA PARQUE SÃO JOSÉ
IPHONE 7 PLUS,800.0,FORTALEZA ELLERY
IPHONE 7 PLUS,800.0,MARACANAÚ LUZARDO VIANA
IPHONE 7 PLUS,800.0,FORTALEZA PRAIA DE IRACEMA
IPHONE 8,800.0,CAUCAIA PARQUE ALBANO (JUREMA)
IPHONE 8,800.0,FORTALEZA MONDUBIM
IPHONE 8 PLUS,800.0,SÃO GONÇALO DO AMARANTE
IPHONE 8,800.0,FORTALEZA DIONISIO TORRES
IPHONE 8,800.0,FORTALEZA BARRA DO CEARÁ
IPHONE 7,800.0,FORTALEZA CRISTO REDENTOR
IPHONE 6,800.0,BATURITÉ CENTRO
IPHONE 8,800.0,AQUIRAZ
IPHONE 7 PLUS,800.0,PACATUBA SENADOR CARLOS JEREISSATI
IPHONE 8,800.0,FORTALEZA MONTESE
IPHONE 7,800.0,FORTALEZA PREFEITO JOSÉ WALTER
IPHONE 7 PLUS,800.0,FORTALEZA PANAMERICANO
IPHONE 8,800.0,FORTALEZA PARQUE SANTA ROSA
IPHONE 7 PLUS,800.0,FORTALEZA PRESIDENTE KENNEDY
IPHONE 8 PLUS,800.0,FORTALEZA CONJUNTO CEARÁ II
IPHONE 8,800.0,FORTALEZA ANTÔNIO BEZERRA
IPHONE 8,800.0,FORTALEZA VARJOTA
IPHONE 8,800.0,FORTALEZA PRESIDENTE KENNEDY
IPHONE 7,800.0,FORTALEZA ALTO DA BALANÇA
IPHONE 8,800.0,FORTALEZA PARQUELÂNDIA
IPHONE SE,800.0,FORTALEZA BARRA DO CEARÁ
IPHONE 6S,800.0,FORTALEZA BARRA DO CEARÁ
IPHONE 7 PLUS,800.0,FORTALEZA VILA UNIÃO
IPHONE 7 PLUS,800.0,FORTALEZA DIONISIO TORRES
IPHONE 7,800.0,FORTALEZA PARREÃO
IPHONE 7,800.0,FORTALEZA CANINDEZINHO
IPHONE 7,800.0,FORTALEZA VILA VELHA
IPHONE 7 PLUS,800.0,MARACANAÚ INDUSTRIAL
IPHONE 8 PLUS,800.0,AQUIRAZ
IPHONE 8,840.0,FORTALEZA CARLITO PAMPLONA
IPHONE 8 PLUS,850.0,FORTALEZA BOA VISTA-CASTELÃO
IPHONE 8,850.0,MARACANAÚ NOVO MARACANAÚ
IPHONE 8,850.0,AQUIRAZ
IPHONE 7 PLUS,850.0,FORTALEZA VILA PERI
IPHONE 7 PLUS,850.0,FORTALEZA BONSUCESSO
IPHONE 7 PLUS,850.0,FORTALEZA CONJUNTO CEARÁ I
IPHONE 8,850.0,FORTALEZA ALDEOTA
IPHONE 8,850.0,FORTALEZA DAMAS
IPHONE 7,850.0,MARACANAÚ PAJUÇARA
IPHONE 7 PLUS,850.0,FORTALEZA PASSARÉ
IPHONE 8,850.0,FORTALEZA CONJUNTO CEARÁ I
IPHONE 8,850.0,FORTALEZA MEIRELES
IPHONE 8,850.0,FORTALEZA TAUAPE
IPHONE 8,850.0,FORTALEZA JARDIM GUANABARA
IPHONE 7 PLUS,870.0,FORTALEZA MONDUBIM
IPHONE 7 PLUS,870.0,FORTALEZA BARROSO
IPHONE 8,900.0,FORTALEZA JARDIM DAS OLIVEIRAS
IPHONE 7 PLUS,900.0,FORTALEZA MONDUBIM
IPHONE 7 PLUS,900.0,FORTALEZA JARDIM IRACEMA
IPHONE 8,900.0,CAUCAIA NOVA METRÓPOLE (JUREMA)
IPHONE 8,900.0,FORTALEZA PREFEITO JOSÉ WALTER
IPHONE 8,900.0,FORTALEZA ANCURI
IPHONE 7,900.0,CAUCAIA NOVA METRÓPOLE (JUREMA)
IPHONE 8,900.0,FORTALEZA BOM JARDIM
IPHONE 8,900.0,FORTALEZA PASSARÉ
IPHONE 8 PLUS,900.0,MARANGUAPE GUABIRABA
IPHONE 7,900.0,FORTALEZA ANTÔNIO BEZERRA
IPHONE 8 PLUS,900.0,FORTALEZA SERRINHA
IPHONE 8,900.0,FORTALEZA MANOEL SÁTIRO
IPHONE 8,900.0,SÃO GONÇALO DO AMARANTE
IPHONE 7 PLUS,900.0,FORTALEZA DOM LUSTOSA
IPHONE 8,900.0,FORTALEZA VILA VELHA
IPHONE 8,900.0,FORTALEZA MANOEL SÁTIRO
IPHONE 8,900.0,FORTALEZA ITAPERI
IPHONE 8 PLUS,900.0,CAUCAIA PARQUE SOLEDADE
IPHONE 8,900.0,MARACANAÚ JEREISSATI I
IPHONE 8,900.0,FORTALEZA PARQUE SANTA MARIA
IPHONE 7 PLUS,900.0,FORTALEZA MANOEL SÁTIRO
IPHONE 8,900.0,FORTALEZA GENIBAÚ
IPHONE 8 PLUS,900.0,FORTALEZA JARDIM GUANABARA
IPHONE 7 PLUS,900.0,FORTALEZA SIQUEIRA
IPHONE 7 PLUS,900.0,FORTALEZA SAPIRANGA-COITÉ
IPHONE SE,900.0,FORTALEZA COCÓ
IPHONE 8,900.0,FORTALEZA BARRA DO CEARÁ
IPHONE 8,900.0,FORTALEZA MESSEJANA
IPHONE 7 PLUS,900.0,FORTALEZA CAIS DO PORTO
IPHONE 7 PLUS,900.0,FORTALEZA PARQUE SÃO JOSÉ
IPHONE 7 PLUS,900.0,PACATUBA SENADOR CARLOS JEREISSATI
IPHONE 8,900.0,FORTALEZA PASSARÉ
IPHONE 7 PLUS,900.0,CAUCAIA PARQUE ALBANO (JUREMA)
IPHONE 7 PLUS,900.0,FORTALEZA PAPICU
IPHONE SE,900.0,FORTALEZA PASSARÉ
IPHONE 7,900.0,CAUCAIA
IPHONE 7 PLUS,950.0,MARANGUAPE NOVO PARQUE IRACEMA
IPHONE 7 PLUS,950.0,CAUCAIA NOVA METRÓPOLE (JUREMA)
IPHONE 8,950.0,FORTALEZA MONTESE
IPHONE 7 PLUS,950.0,FORTALEZA MONDUBIM
IPHONE 7 PLUS,950.0,FORTALEZA PEDRAS
IPHONE 8,950.0,FORTALEZA DOM LUSTOSA
IPHONE 7 PLUS,950.0,FORTALEZA QUINTINO CUNHA
IPHONE 8,950.0,FORTALEZA VILA VELHA
IPHONE 7 PLUS,950.0,MARACANAÚ NOVO MARACANAÚ
IPHONE 8,950.0,FORTALEZA BOM JARDIM
IPHONE 8,950.0,CAUCAIA CIGANA
IPHONE 8,950.0,FORTALEZA ELLERY
IPHONE 8,950.0,FORTALEZA ALDEOTA
IPHONE 8,950.0,FORTALEZA FÁTIMA
IPHONE 8,950.0,FORTALEZA SIQUEIRA
IPHONE 7,980.0,FORTALEZA CIDADE DOS FUNCIONÁRIOS
IPHONE 7,980.0,FORTALEZA CIDADE DOS FUNCIONÁRIOS
IPHONE 8,980.0,FORTALEZA PLANALTO AYRTON SENNA
IPHONE 7 PLUS,999.0,FORTALEZA CONJUNTO PALMEIRAS
IPHONE 8 PLUS,999.0,FORTALEZA VICENTE PINZON
IPHONE 7,999.0,FORTALEZA MANUEL DIAS BRANCO
IPHONE 6,999.0,FORTALEZA CURIÓ
IPHONE 7 PLUS,999.0,FORTALEZA PICI
IPHONE 7 PLUS,1000.0,FORTALEZA BONSUCESSO
IPHONE 7,1000.0,CAUCAIA NOVA METRÓPOLE (JUREMA)
IPHONE SE,1000.0,FORTALEZA MESSEJANA
IPHONE 7 PLUS,1000.0,FORTALEZA JÓQUEI CLUBE
IPHONE 7 PLUS,1000.0,FORTALEZA LAGOA REDONDA
IPHONE 7 PLUS,1000.0,FORTALEZA MONTE CASTELO
IPHONE 7,1000.0,FORTALEZA PARQUE MANIBURA
IPHONE 8,1000.0,FORTALEZA EDSON QUEIROZ
IPHONE 8,1000.0,FORTALEZA FARIAS BRITO
IPHONE 8,1000.0,CAUCAIA PARQUE DAS NAÇÕES (JUREMA)
IPHONE 7 PLUS,1000.0,FORTALEZA GENIBAÚ
IPHONE 8,1000.0,FORTALEZA GRANJA LISBOA
IPHONE 8,1000.0,FORTALEZA BONSUCESSO
IPHONE 7 PLUS,1000.0,FORTALEZA VILA VELHA
IPHONE X,1000.0,FORTALEZA PARQUE SANTA MARIA
IPHONE 8,1000.0,FORTALEZA CENTRO
IPHONE 7 PLUS,1000.0,FORTALEZA ENGENHEIRO LUCIANO CAVALCANTE
IPHONE 7,1000.0,FORTALEZA ALDEOTA
IPHONE X,1000.0,CAUCAIA PARQUE POTIRA (JUREMA)
IPHONE 7 PLUS,1000.0,FORTALEZA FÁTIMA
IPHONE 8 PLUS,1000.0,FORTALEZA GENIBAÚ
IPHONE 7 PLUS,1000.0,MARACANAÚ SIQUEIRA
IPHONE 8 PLUS,1000.0,FORTALEZA BOA VISTA-CASTELÃO
IPHONE 8,1000.0,FORTALEZA COCÓ
IPHONE 8,1000.0,FORTALEZA CIDADE 2000
IPHONE 7 PLUS,1000.0,PENTECOSTE
IPHONE 8,1000.0,AQUIRAZ
IPHONE 8,1000.0,FORTALEZA ÁLVARO WEYNE
IPHONE 7 PLUS,1000.0,FORTALEZA AUTRAN NUNES
IPHONE SE,1000.0,FORTALEZA BONSUCESSO
IPHONE 7 PLUS,1000.0,MARACANAÚ ACARACUZINHO
IPHONE 8 PLUS,1000.0,FORTALEZA LAGOA REDONDA
IPHONE 7,1000.0,FORTALEZA CONJUNTO CEARÁ II
IPHONE X,1000.0,FORTALEZA ALTO DA BALANÇA
IPHONE 7 PLUS,1000.0,FORTALEZA ENGENHEIRO LUCIANO CAVALCANTE
IPHONE 7 PLUS,1000.0,FORTALEZA JOSÉ BONIFÁCIO
IPHONE 7,1000.0,FORTALEZA PARQUE MANIBURA
IPHONE 7 PLUS,1000.0,FORTALEZA CIDADE 2000
IPHONE 7 PLUS,1000.0,FORTALEZA PARANGABA
IPHONE 7 PLUS,1000.0,CAUCAIA PADRE JULIO MARIA
IPHONE 8 PLUS,1000.0,FORTALEZA GRANJA PORTUGAL
IPHONE 7 PLUS,1000.0,PACATUBA PAVUNA
IPHONE 8,1000.0,FORTALEZA SÃO BENTO
IPHONE 8 PLUS,1000.0,FORTALEZA PIRAMBU
IPHONE 7 PLUS,1000.0,EUSÉBIO COAÇU
IPHONE 7 PLUS,1000.0,FORTALEZA JOAQUIM TÁVORA
IPHONE 7 PLUS,1050.0,FORTALEZA CONJUNTO PALMEIRAS
IPHONE 8 PLUS,1050.0,FORTALEZA PARANGABA
IPHONE 8,1050.0,FORTALEZA CIDADE 2000
IPHONE 8,1050.0,FORTALEZA PASSARÉ
IPHONE 8,1050.0,FORTALEZA GRANJA LISBOA
IPHONE 8,1090.0,MARACANAÚ JARÍ
IPHONE 7 PLUS,1100.0,FORTALEZA MONTE CASTELO
IPHONE 7 PLUS,1100.0,CAUCAIA PARQUE ALBANO (JUREMA)
IPHONE 8,1100.0,MARANGUAPE NOVO MARANGUAPE II
IPHONE X,1100.0,FORTALEZA CRISTO REDENTOR
IPHONE 7 PLUS,1100.0,FORTALEZA ITAOCA
IPHONE 7 PLUS,1100.0,FORTALEZA PREFEITO JOSÉ WALTER
IPHONE 8 PLUS,1100.0,PINDORETAMA
IPHONE SE,1100.0,FORTALEZA GRANJA LISBOA
IPHONE 8,1100.0,FORTALEZA ANTÔNIO BEZERRA
IPHONE 11,1100.0,FORTALEZA MESSEJANA
IPHONE 8 PLUS,1100.0,EUSÉBIO
IPHONE 8,1100.0,FORTALEZA PAPICU
IPHONE 8 PLUS,1100.0,FORTALEZA CONJUNTO PALMEIRAS
IPHONE X,1100.0,CASCAVEL
IPHONE 8 PLUS,1100.0,FORTALEZA MARAPONGA
IPHONE OITO PLUS,1100.0,FORTALEZA DOM LUSTOSA
IPHONE 7 PLUS,1100.0,CAUCAIA PARQUE LEBLON
IPHONE 7 PLUS,1100.0,FORTALEZA PARQUELÂNDIA
IPHONE 7 PLUS,1100.0,FORTALEZA SIQUEIRA
IPHONE 8,1100.0,FORTALEZA MONTESE
IPHONE X,1100.0,PACAJUS
IPHONE 8 PLUS,1100.0,FORTALEZA MARAPONGA
IPHONE 8 PLUS,1100.0,FORTALEZA CANINDEZINHO
IPHONE 8 PLUS,1100.0,FORTALEZA PARQUE PRESIDENTE VARGAS
IPHONE ,1100.0,FORTALEZA MONTE CASTELO
IPHONE 7 PLUS,1100.0,FORTALEZA MONDUBIM
IPHONE 8,1150.0,FORTALEZA MANOEL SÁTIRO
IPHONE 8,1150.0,FORTALEZA PRESIDENTE KENNEDY
IPHONE 8 PLUS,1150.0,FORTALEZA GUARARAPES
IPHONE 8 PLUS,1150.0,FORTALEZA MONDUBIM
IPHONE 7 PLUS,1150.0,FORTALEZA GRANJA LISBOA
IPHONE SE,1150.0,FORTALEZA MESSEJANA
IPHONE 7 PLUS,1170.0,FORTALEZA MONDUBIM
IPHONE 8,1170.0,FORTALEZA HENRIQUE JORGE
IPHONE 8,1179.0,EUSÉBIO PIRES FAÇANHA
IPHONE 8,1200.0,FORTALEZA DAMAS
IPHONE 8 PLUS,1200.0,CAUCAIA NOVA METRÓPOLE (JUREMA)
IPHONE 8,1200.0,MARACANAÚ JEREISSATI II
IPHONE 7 PLUS,1200.0,HORIZONTE PLANALTO HORIZONTE
IPHONE 8 PLUS,1200.0,MARACANAÚ LUZARDO VIANA
IPHONE 8 PLUS,1200.0,FORTALEZA ALDEOTA
IPHONE 8,1200.0,FORTALEZA PLANALTO AYRTON SENNA
IPHONE 8 PLUS,1200.0,MARACANAÚ ALTO ALEGRE II
IPHONE 8 PLUS,1200.0,FORTALEZA MARAPONGA
IPHONE 8 PLUS,1200.0,FORTALEZA ANTÔNIO BEZERRA
IPHONE 8,1200.0,CAUCAIA ARATURI (JUREMA)
IPHONE 8 PLUS,1200.0,FORTALEZA PANAMERICANO
IPHONE 8 PLUS,1200.0,FORTALEZA JÓQUEI CLUBE
IPHONE 7 PLUS,1200.0,FORTALEZA MEIRELES
IPHONE 8,1200.0,MARACANAÚ TIMBÓ
IPHONE SE,1200.0,MARANGUAPE SAPUPARA
IPHONE 8,1200.0,FORTALEZA ANTÔNIO BEZERRA
IPHONE 8 PLUS,1200.0,FORTALEZA RODOLFO TEÓFILO
IPHONE 8 PLUS,1200.0,FORTALEZA JACARECANGA
IPHONE 8,1200.0,FORTALEZA JARDIM DAS OLIVEIRAS
IPHONE X,1200.0,FORTALEZA DIAS MACEDO
IPHONE 8,1200.0,FORTALEZA CANINDEZINHO
IPHONE 8 PLUS,1200.0,FORTALEZA MONDUBIM
IPHONE 7 PLUS,1200.0,FORTALEZA PARQUE IRACEMA
IPHONE 8 PLUS,1200.0,FORTALEZA PREFEITO JOSÉ WALTER
IPHONE 8 PLUS,1200.0,FORTALEZA JANGURUSSU
IPHONE ,1200.0,AQUIRAZ
IPHONE 7,1200.0,PACAJUS
IPHONE XS,1200.0,FORTALEZA PADRE ANDRADE
IPHONE SE,1200.0,FORTALEZA MONDUBIM
IPHONE 8 PLUS,1200.0,CAUCAIA ARIANÓPOLIS (JUREMA)
IPHONE X,1200.0,FORTALEZA JANGURUSSU
IPHONE 8 PLUS,1200.0,FORTALEZA GENIBAÚ
IPHONE 7 PLUS,1200.0,FORTALEZA PRESIDENTE KENNEDY
IPHONE 8 PLUS,1200.0,FORTALEZA PAPICU
IPHONE 8 PLUS,1200.0,FORTALEZA SIQUEIRA
IPHONE 8 PLUS,1200.0,FORTALEZA BARRA DO CEARÁ
IPHONE X,1200.0,FORTALEZA ALDEOTA
IPHONE 7 PLUS,1200.0,FORTALEZA MEIRELES
IPHONE X,1200.0,FORTALEZA CARLITO PAMPLONA
IPHONE 8 PLUS,1200.0,FORTALEZA ANTÔNIO BEZERRA
IPHONE 8,1200.0,FORTALEZA PRESIDENTE KENNEDY
IPHONE X,1200.0,CAUCAIA GUAGIRU
IPHONE SE,1200.0,FORTALEZA PREFEITO JOSÉ WALTER
IPHONE X,1200.0,MARACANAÚ COQUEIRAL
IPHONE 8 PLUS,1200.0,MARACANAÚ TIMBÓ
IPHONE 8 PLUS,1200.0,FORTALEZA PADRE ANDRADE
IPHONE 8 PLUS,1250.0,FORTALEZA LAGOA REDONDA
IPHONE 8 PLUS,1250.0,FORTALEZA CARLITO PAMPLONA
IPHONE 8 PLUS,1250.0,FORTALEZA ALDEOTA
IPHONE X,1250.0,FORTALEZA MONDUBIM
IPHONE 8 PLUS,1250.0,FORTALEZA CONJUNTO CEARÁ I
IPHONE PLUS 8 BRANCO 64GB ,1250.0,FORTALEZA SALINAS
IPHONE 8 PLUS,1250.0,FORTALEZA GRANJA LISBOA
IPHONE 8 PLUS,1250.0,PACAJUS
IPHONE 8,1250.0,FORTALEZA MONDUBIM
IPHONE 7 PLUS,1250.0,FORTALEZA GRANJA LISBOA
IPHONE 7 PLUS,1250.0,FORTALEZA JÓQUEI CLUBE
IPHONE X SEM NENHUM DEFEITO ,1250.0,FORTALEZA LAGOA REDONDA
IPHONE 7 PLUS,1250.0,FORTALEZA PICI
IPHONE 8 PLUS,1259.0,FORTALEZA PARQUE SANTA ROSA
IPHONE X,1299.0,FORTALEZA DIONISIO TORRES
IPHONE 8,1299.0,FORTALEZA EDSON QUEIROZ
IPHONE 8 PLUS,1299.0,FORTALEZA PARQUE IRACEMA
IPHONE 8,1300.0,FORTALEZA PARQUELÂNDIA
IPHONE 8 PLUS,1300.0,FORTALEZA ITAPERI
IPHONE X,1300.0,FORTALEZA VILA PERI
IPHONE 8,1300.0,FORTALEZA ANTÔNIO BEZERRA
IPHONE SE,1300.0,FORTALEZA PRESIDENTE KENNEDY
IPHONE 8 PLUS,1300.0,FORTALEZA SAPIRANGA-COITÉ
IPHONE 8 PLUS,1300.0,FORTALEZA PARQUE DOIS IRMÃOS
IPHONE 8 PLUS,1300.0,FORTALEZA ANTÔNIO BEZERRA
IPHONE X,1300.0,FORTALEZA GRANJA PORTUGAL
IPHONE 8 PLUS,1300.0,FORTALEZA VICENTE PINZON
IPHONE 8 PLUS,1300.0,FORTALEZA MANOEL SÁTIRO
IPHONE 8 PLUS,1300.0,FORTALEZA JARDIM IRACEMA
IPHONE 8 PLUS,1300.0,FORTALEZA PAPICU
IPHONE 8 PLUS,1300.0,FORTALEZA ALTO DA BALANÇA
IPHONE 8 PLUS,1300.0,FORTALEZA CANINDEZINHO
IPHONE 8 PLUS,1300.0,EUSÉBIO COAÇU
IPHONE 8,1300.0,EUSÉBIO TAMATANDUBA
IPHONE 8 PLUS,1300.0,FORTALEZA PICI
IPHONE XS MAX,1300.0,FORTALEZA PIRAMBU
IPHONE X,1300.0,FORTALEZA CENTRO
IPHONE 8 PLUS,1300.0,FORTALEZA JOAQUIM TÁVORA
IPHONE 7 PLUS,1300.0,FORTALEZA ENGENHEIRO LUCIANO CAVALCANTE
IPHONE 8 PLUS,1300.0,FORTALEZA BARRA DO CEARÁ
IPHONE 8 PLUS,1300.0,FORTALEZA DIONISIO TORRES
IPHONE 8,1300.0,FORTALEZA PRESIDENTE KENNEDY
IPHONE 8 PLUS,1300.0,FORTALEZA PIRAMBU
IPHONE X,1300.0,FORTALEZA RODOLFO TEÓFILO
IPHONE 8,1300.0,FORTALEZA VILA VELHA
IPHONE XS,1300.0,FORTALEZA CARLITO PAMPLONA
IPHONE XS,1300.0,FORTALEZA VILA PERI
IPHONE 8 PLUS,1300.0,EUSÉBIO COAÇU
IPHONE 8 PLUS,1300.0,FORTALEZA JACARECANGA
IPHONE XR,1300.0,CAUCAIA CENTRO
IPHONE XS,1300.0,FORTALEZA COAÇU
IPHONE 8 PLUS,1300.0,AQUIRAZ
IPHONE 8 PLUS,1300.0,FORTALEZA PASSARÉ
IPHONE X,1300.0,FORTALEZA BOM FUTURO
IPHONE 8 PLUS,1300.0,CAUCAIA ICARAÍ
IPHONE 64 GB GOLD ROSE ,1300.0,FORTALEZA FÁTIMA
IPHONE 8 PLUS,1300.0,FORTALEZA CANINDEZINHO
IPHONE 8 PLUS,1300.0,FORTALEZA BARRA DO CEARÁ
IPHONE 7 PLUS,1300.0,FORTALEZA GUAJERU
IPHONE 8 PLUS,1300.0,FORTALEZA GRANJA PORTUGAL
IPHONE X,1300.0,FORTALEZA GENIBAÚ
IPHONE 8 PLUS,1300.0,FORTALEZA VILA PERI
IPHONE 8 PLUS,1300.0,FORTALEZA VILA VELHA
IPHONE X,1300.0,FORTALEZA ITAPERI
IPHONE 8 PLUS,1300.0,FORTALEZA BARRA DO CEARÁ
IPHONE SE,1300.0,FORTALEZA PASSARÉ
IPHONE 8 PLUS,1349.0,FORTALEZA QUINTINO CUNHA
IPHONE X,1350.0,FORTALEZA SÃO GERARDO
IPHONE 8 PLUS,1350.0,PACAJUS
IPHONE X,1350.0,FORTALEZA CONJUNTO ESPERANÇA
IPHONE 8 PLUS,1350.0,CAUCAIA NOVO PABUSSU
IPHONE 8 PLUS,1350.0,FORTALEZA MEIRELES
IPHONE 8 PLUS,1350.0,MARACANAÚ NOVO MARACANAÚ
IPHONE X,1350.0,FORTALEZA LAGOA REDONDA
IPHONE X,1350.0,FORTALEZA JANGURUSSU
IPHONE 8 PLUS,1350.0,FORTALEZA MESSEJANA
IPHONE 8 PLUS,1350.0,FORTALEZA PARANGABA
IPHONE 8 PLUS,1350.0,FORTALEZA CENTRO
IPHONE 8 PLUS,1350.0,MARACANAÚ JEREISSATI I
IPHONE 8 PLUS,1350.0,FORTALEZA MEIRELES
IPHONE X,1350.0,FORTALEZA NOVO MONDUBIM
IPHONE 8 PLUS,1350.0,FORTALEZA JARDIM IRACEMA
IPHONE 8 PLUS,1350.0,FORTALEZA PARQUE SÃO JOSÉ
IPHONE X,1350.0,MARACANAÚ JEREISSATI I
IPHONE X,1350.0,FORTALEZA ÁLVARO WEYNE
IPHONE 8 PLUS,1350.0,FORTALEZA VILA UNIÃO
IPHONE X,1397.0,FORTALEZA PARANGABA
IPHONE X,1399.0,FORTALEZA CENTRO
IPHONE X,1399.0,FORTALEZA PARQUE DOIS IRMÃOS
IPHONE 8 PLUS,1399.0,FORTALEZA QUINTINO CUNHA
IPHONE X,1400.0,FORTALEZA VILA VELHA
IPHONE 8 PLUS,1400.0,FORTALEZA CAJAZEIRAS
IPHONE X,1400.0,FORTALEZA BOM JARDIM
IPHONE 8 PLUS,1400.0,FORTALEZA PARQUELÂNDIA
IPHONE X,1400.0,FORTALEZA BARRA DO CEARÁ
IPHONE 8 PLUS,1400.0,FORTALEZA VILA PERI
IPHONE XS,1400.0,FORTALEZA ITAOCA
IPHONE 8 PLUS,1400.0,ITAITINGA
IPHONE 8 PLUS,1400.0,FORTALEZA MONDUBIM
IPHONE 8 PLUS,1400.0,MARACANAÚ LUZARDO VIANA
IPHONE 8 PLUS,1400.0,FORTALEZA MESSEJANA
IPHONE X,1400.0,FORTALEZA PRAIA DE IRACEMA
IPHONE 8 PLUS,1400.0,FORTALEZA JARDIM DAS OLIVEIRAS
IPHONE SE,1400.0,FORTALEZA JARDIM DAS OLIVEIRAS
IPHONE 7 PLUS,1400.0,FORTALEZA PRESIDENTE KENNEDY
IPHONE 8 PLUS,1400.0,FORTALEZA MONDUBIM
IPHONE 8 PLUS,1400.0,FORTALEZA GENIBAÚ
IPHONE X,1400.0,FORTALEZA FARIAS BRITO
IPHONE X,1400.0,FORTALEZA SAPIRANGA-COITÉ
IPHONE 8 PLUS,1400.0,FORTALEZA JOAQUIM TÁVORA
IPHONE 7 PLUS,1400.0,FORTALEZA BARRA DO CEARÁ
IPHONE X,1400.0,FORTALEZA CENTRO
IPHONE X SEMI NOVO ,1450.0,FORTALEZA CENTRO
IPHONE X,1450.0,FORTALEZA PARQUE IRACEMA
IPHONE 8 PLUS,1450.0,FORTALEZA PARREÃO
IPHONE 8 PLUS,1450.0,FORTALEZA QUINTINO CUNHA
IPHONE X,1450.0,FORTALEZA GENIBAÚ
IPHONE 8 PLUS,1450.0,FORTALEZA JARDIM IRACEMA
IPHONE 8 PLUS,1450.0,CAUCAIA GRILO
IPHONE 8 PLUS,1450.0,FORTALEZA PARQUE PRESIDENTE VARGAS
IPHONE X,1450.0,FORTALEZA JACARECANGA
IPHONE X,1450.0,FORTALEZA BARRA DO CEARÁ
IPHONE 8 PLUS,1450.0,FORTALEZA SAPIRANGA-COITÉ
IPHONE 8 PLUS,1450.0,FORTALEZA BELA VISTA
IPHONE X,1450.0,FORTALEZA PARQUE SÃO JOSÉ
IPHONE 8 PLUS,1499.0,FORTALEZA JOSÉ DE ALENCAR
IPHONE 8 PLUS 256GB,1499.0,FORTALEZA PARANGABA
IPHONE X,1500.0,FORTALEZA PICI
IPHONE X,1500.0,MARACANAÚ JEREISSATI II
IPHONE X,1500.0,FORTALEZA PARQUE MANIBURA
IPHONE X,1500.0,FORTALEZA FLORESTA
IPHONE XS,1500.0,FORTALEZA PAPICU
IPHONE 11,1500.0,EUSÉBIO
IPHONE X,1500.0,FORTALEZA MONDUBIM
IPHONE XS,1500.0,FORTALEZA PRES KENNEDY
IPHONE SE,1500.0,CAUCAIA PARQUE ALBANO (JUREMA)
IPHONE X,1500.0,FORTALEZA NOVO MONDUBIM
IPHONE X,1500.0,FORTALEZA GENIBAÚ
IPHONE 8 PLUS,1500.0,FORTALEZA ANTÔNIO BEZERRA
IPHONE 8 PLUS,1500.0,FORTALEZA PAUPINA
IPHONE X,1500.0,FORTALEZA EDSON QUEIROZ
IPHONE X,1500.0,EUSÉBIO PRECABURA
IPHONE X,1500.0,FORTALEZA PICI
IPHONE X,1500.0,FORTALEZA PRESIDENTE KENNEDY
IPHONE X,1500.0,FORTALEZA ITAPERI
IPHONE XR,1500.0,PACATUBA SENADOR CARLOS JEREISSATI
IPHONE SE,1500.0,FORTALEZA PARQUELÂNDIA
IPHONE X COM NOTA FISCAL,1500.0,FORTALEZA MARAPONGA
IPHONE 8 PLUS,1500.0,FORTALEZA JARDIM GUANABARA
IPHONE X,1500.0,FORTALEZA ALTO DA BALANÇA
IPHONE 8 PLUS,1500.0,FORTALEZA BOM JARDIM
IPHONE X,1500.0,EUSÉBIO PRECABURA
IPHONE 8 PLUS,1500.0,FORTALEZA CIDADE DOS FUNCIONÁRIOS
IPHONE 8 PLUS,1500.0,FORTALEZA MEIRELES
IPHONE 8 PLUS,1500.0,FORTALEZA ANTÔNIO BEZERRA
IPHONE X,1500.0,FORTALEZA SAPIRANGA-COITÉ
IPHONE 8 PLUS,1500.0,FORTALEZA MANOEL SÁTIRO
IPHONE SE,1500.0,FORTALEZA PREF JOSÉ WALTER
VENDO IPHONE ,1500.0,FORTALEZA GRANJA LISBOA
IPHONE 8 PLUS,1500.0,FORTALEZA GRANJA LISBOA
IPHONE 8 PLUS,1500.0,FORTALEZA OLAVO OLIVEIRA
IPHONE 8 PLUS,1500.0,MARANGUAPE NOVO MARANGUAPE I
IPHONE X,1500.0,FORTALEZA MANOEL SÁTIRO
IPHONE SE,1500.0,FORTALEZA FÁTIMA
IPHONE X,1500.0,FORTALEZA PARQUE IRACEMA
IPHONE X,1500.0,FORTALEZA DAMAS
IPHONE X,1500.0,FORTALEZA VILA UNIÃO
IPHONE 8 PLUS,1500.0,FORTALEZA MESSEJANA
IPHONE 8 PLUS,1500.0,MARACANAÚ PAJUÇARA
IPHONE X,1500.0,EUSÉBIO
IPHONE X,1500.0,FORTALEZA MANOEL SÁTIRO
IPHONE X,1530.0,FORTALEZA ALDEOTA
IPHONE X,1550.0,FORTALEZA GUARARAPES
IPHONE XS,1550.0,FORTALEZA MONDUBIM
IPHONE X,1550.0,FORTALEZA EDSON QUEIROZ
IPHONE  X 256GB,1550.0,FORTALEZA JARDIM IRACEMA
IPHONE X,1550.0,FORTALEZA GRANJA LISBOA
IPHONE 8 PLUS,1550.0,FORTALEZA ÁLVARO WEYNE
IPHONE XS,1550.0,FORTALEZA DAMAS
IPHONE X,1550.0,CAUCAIA ARIANÓPOLIS (JUREMA)
IPHONE X,1550.0,FORTALEZA JANGURUSSU
IPHONE 7,1550.0,CAUCAIA AÇUDE
IPHONE 8 PLUS,1580.0,PACATUBA PAVUNA
IPHONE XR,1599.0,FORTALEZA PREFEITO JOSÉ WALTER
IPHONE X,1599.0,FORTALEZA PIRAMBU
IPHONE 8 PLUS,1599.0,FORTALEZA SALINAS
IPHONE X,1599.0,FORTALEZA BELA VISTA
IPHONE X,1599.0,PACAJUS
IPHONE XS,1599.0,FORTALEZA MONDUBIM
IPHONE XR,1599.0,FORTALEZA COCÓ
IPHONE 8 PLUS,1599.0,MARACANAÚ CENTRO
IPHONE 8 PLUS,1600.0,FORTALEZA PREFEITO JOSÉ WALTER
IPHONE 11,1600.0,FORTALEZA PARANGABA
IPHONE X,1600.0,FORTALEZA BARRA DO CEARÁ
IPHONE 8 PLUS,1600.0,FORTALEZA ANCURI
IPHONE X,1600.0,FORTALEZA COAÇU
IPHONE X,1600.0,FORTALEZA PAUPINA
IPHONE X,1600.0,FORTALEZA PIRAMBU
IPHONE 8 PLUS,1600.0,MARACANAÚ TIMBÓ
IPHONE X,1600.0,FORTALEZA CENTRO
IPHONE X,1600.0,FORTALEZA RODOLFO TEÓFILO
IPHONE 8 PLUS,1600.0,ITAITINGA
IPHONE 8 PLUS,1600.0,PINDORETAMA
IPHONE X,1600.0,FORTALEZA JARDIM GUANABARA
IPHONE X,1600.0,FORTALEZA FÁTIMA
IPHONE X,1600.0,FORTALEZA MONDUBIM
IPHONE X,1600.0,FORTALEZA PLANALTO AYRTON SENNA
IPHONE XR,1600.0,FORTALEZA FARIAS BRITO
IPHONE X,1600.0,FORTALEZA PARQUE IRACEMA
IPHONE X,1600.0,FORTALEZA PAUPINA
IPHONE XS MAX,1600.0,FORTALEZA VILA VELHA
IPHONE X,1600.0,FORTALEZA JÓQUEI CLUBE
IPHONE ESTADO DE ZERO ,1600.0,MARANGUAPE NOVO MARANGUAPE II
IPHONE XS,1600.0,FORTALEZA JACARECANGA
IPHONE 8 PLUS,1600.0,FORTALEZA ENGENHEIRO LUCIANO CAVALCANTE
IPHONE 8 PLUS,1600.0,EUSÉBIO CENTRO
IPHONE 8 PLUS,1600.0,FORTALEZA CONJUNTO CEARÁ II
IPHONE X,1600.0,FORTALEZA PARQUE IRACEMA
IPHONE XR,1600.0,FORTALEZA PICI
IPHONE X,1600.0,FORTALEZA PARQUE IRACEMA
IPHONE X,1600.0,FORTALEZA PARANGABA
IPHONE XS,1600.0,FORTALEZA MESSEJANA
IPHONE XR,1600.0,FORTALEZA CANINDEZINHO
IPHONE SE,1600.0,FORTALEZA JANGURUSSU
IPHONE XS MAX,1600.0,FORTALEZA JOSÉ DE ALENCAR
IPHONE X,1600.0,FORTALEZA AEROLÂNDIA
IPHONE XS MAX,1600.0,FORTALEZA MONTESE
IPHONE 8 PLUS,1649.0,MARACANAÚ CENTRO
IPHONE 8 PLUS,1649.0,MARACANAÚ CENTRO
IPHONE 8 PLUS,1649.0,MARACANAÚ CENTRO
IPHONE XS,1649.0,FORTALEZA CENTRO
IPHONE 8 PLUS,1649.0,MARACANAÚ CENTRO
IPHONE X,1650.0,FORTALEZA MONDUBIM
IPHONE 8 PLUS,1650.0,FORTALEZA ELLERY
IPHONE XS MAX,1650.0,FORTALEZA JARDIM DAS OLIVEIRAS
IPHONE XS,1650.0,FORTALEZA PARANGABA
IPHONE X,1650.0,MARACANAÚ MUCUNÃ
IPHONE XS,1650.0,FORTALEZA PARANGABA
IPHONE XS,1650.0,FORTALEZA PARANGABA
IPHONE X,1650.0,FORTALEZA PRESIDENTE KENNEDY
IPHONE 8 PLUS,1650.0,FORTALEZA QUINTINO CUNHA
IPHONE X,1650.0,FORTALEZA GENIBAÚ
IPHONE X,1650.0,FORTALEZA PARANGABA
IPHONE SE,1699.0,FORTALEZA JOSÉ BONIFÁCIO
IPHONE X,1699.0,FORTALEZA EDSON QUEIROZ
IPHONE XS,1700.0,FORTALEZA PLANALTO AYRTON SENNA
IPHONE X,1700.0,PACATUBA SENADOR CARLOS JEREISSATI
IPHONE X,1700.0,CAUCAIA PARQUE POTIRA (JUREMA)
IPHONE X,1700.0,FORTALEZA BOM JARDIM
IPHONE X,1700.0,FORTALEZA ALDEOTA
IPHONE XR,1700.0,FORTALEZA SIQUEIRA
IPHONE X,1700.0,FORTALEZA COAÇU
IPHONE XS,1700.0,FORTALEZA QUINTINO CUNHA
IPHONE X,1700.0,CAUCAIA PLANALTO CAUCAIA
IPHONE X,1700.0,CAUCAIA PARQUE DAS NAÇÕES (JUREMA)
IPHONE X,1700.0,MARACANAÚ JEREISSATI I
IPHONE X,1700.0,CAUCAIA PARQUE DAS NAÇÕES (JUREMA)
IPHONE X,1700.0,FORTALEZA COAÇU
IPHONE X,1700.0,PACATUBA SENADOR CARLOS JEREISSATI
IPHONE X,1700.0,FORTALEZA DAMAS
IPHONE X,1700.0,FORTALEZA FÁTIMA
IPHONE XS MAX,1700.0,FORTALEZA CAJAZEIRAS
IPHONE 8 PLUS,1700.0,FORTALEZA SIQUEIRA
IPHONE X,1700.0,PACATUBA SENADOR CARLOS JEREISSATI
IPHONE X,1700.0,FORTALEZA JOAQUIM TÁVORA
IPHONE 8 PLUS,1700.0,MARACANAÚ INDUSTRIAL
IPHONE 8 PLUS,1700.0,FORTALEZA HENRIQUE JORGE
IPHONE X,1700.0,FORTALEZA ALDEOTA
IPHONE XR,1700.0,FORTALEZA BARROSO
IPHONE X,1700.0,FORTALEZA SAPIRANGA-COITÉ
IPHONE X,1750.0,FORTALEZA VICENTE PINZON
IPHONE 8 PLUS,1750.0,PACATUBA SENADOR CARLOS JEREISSATI
IPHONE X,1750.0,FORTALEZA SERRINHA
IPHONE X,1750.0,CAUCAIA ITAMBÉ
IPHONE X,1750.0,FORTALEZA ENGENHEIRO LUCIANO CAVALCANTE
IPHONE X,1750.0,FORTALEZA MEIRELES
IPHONE 8 PLUS,1750.0,FORTALEZA JANGURUSSU
IPHONE X,1750.0,FORTALEZA BOM FUTURO
IPHONE 8 PLUS,1750.0,FORTALEZA BARRA DO CEARÁ
IPHONE X,1790.0,MARACANAÚ NOVO ORIENTE
IPHONE 11,1799.0,FORTALEZA ÁLVARO WEYNE
IPHONE 8 PLUS,1800.0,FORTALEZA MARAPONGA
IPHONE 11,1800.0,MARACANAÚ CENTRO
IPHONE 11,1800.0,FORTALEZA JANGURUSSU
IPHONE 11,1800.0,FORTALEZA DIONISIO TORRES
IPHONE X,1800.0,FORTALEZA PARQUE SANTA MARIA
IPHONE X,1800.0,FORTALEZA TAUAPE
IPHONE XS MAX,1800.0,FORTALEZA BARRA DO CEARÁ
IPHONE X,1800.0,FORTALEZA PREFEITO JOSÉ WALTER
IPHONE X,1800.0,FORTALEZA BARRA DO CEARÁ
IPHONE X,1800.0,FORTALEZA QUINTINO CUNHA
IPHONE X,1800.0,FORTALEZA BOM JARDIM
IPHONE 11 PRO MAX,1800.0,FORTALEZA PARQUE PRESIDENTE VARGAS
IPHONE X,1800.0,HORIZONTE CENTRO
IPHONE 11,1800.0,FORTALEZA MONTE CASTELO
IPHONE 8 PLUS,1800.0,FORTALEZA ALDEOTA
IPHONE X,1800.0,FORTALEZA BELA VISTA
IPHONE X,1800.0,FORTALEZA MESSEJANA
IPHONE X,1800.0,FORTALEZA JANGURUSSU
IPHONE X,1800.0,FORTALEZA JARDIM IRACEMA
IPHONE X,1800.0,SÃO GONÇALO DO AMARANTE
IPHONE X,1800.0,FORTALEZA QUINTINO CUNHA
IPHONE X,1800.0,MARACANAÚ ALTO ALEGRE I
IPHONE 11,1800.0,FORTALEZA ANCURI
IPHONE 12 MINI,1800.0,FORTALEZA FLORESTA
IPHONE X,1800.0,AQUIRAZ
IPHONE ,1800.0,FORTALEZA SIQUEIRA
IPHONE 11,1800.0,FORTALEZA ALDEOTA
IPHONE 11,1800.0,FORTALEZA CENTRO
IPHONE X,1800.0,FORTALEZA ELLERY
IPHONE X,1800.0,FORTALEZA CAJAZEIRAS
IPHONE X,1800.0,FORTALEZA VILA PERI
IPHONE XS MAX,1800.0,FORTALEZA FARIAS BRITO
IPHONE XR,1800.0,FORTALEZA MONDUBIM
IPHONE X,1800.0,FORTALEZA JOSÉ DE ALENCAR
IPHONE XS MAX,1800.0,FORTALEZA COCÓ
IPHONE XR,1800.0,FORTALEZA CARLITO PAMPLONA
IPHONE X,1800.0,FORTALEZA DENDÊ
IPHONE X,1850.0,FORTALEZA JOÃO XXIII
IPHONE XR,1850.0,CAUCAIA PLANALTO CAUCAIA
IPHONE X,1850.0,FORTALEZA VICENTE PINZON
IPHONE XR,1850.0,FORTALEZA JARDIM AMÉRICA
IPHONE X,1850.0,FORTALEZA JOÃO XXIII
IPHONE XS MAX,1850.0,FORTALEZA TAUAPE
IPHONE X,1850.0,FORTALEZA CIDADE 2000
IPHONE X,1850.0,FORTALEZA ELLERY
IPHONE XR,1850.0,FORTALEZA ENGENHEIRO LUCIANO CAVALCANTE
IPHONE 11,1850.0,FORTALEZA CENTRO
IPHONE X,1850.0,FORTALEZA MONDUBIM
IPHONE 11,1850.0,FORTALEZA GRANJA LISBOA
IPHONE XR,1850.0,FORTALEZA VILA VELHA
IPHONE 11,1850.0,FORTALEZA GRANJA LISBOA
IPHONE XS MAX,1850.0,FORTALEZA MEIRELES
IPHONE 11,1850.0,FORTALEZA GRANJA LISBOA
IPHONE X,1850.0,FORTALEZA QUINTINO CUNHA
IPHONE 11,1850.0,FORTALEZA GRANJA LISBOA
IPHONE XR,1850.0,FORTALEZA JOÃO XXIII
IPHONE X,1850.0,FORTALEZA NOVO MONDUBIM
IPHONE X,1850.0,FORTALEZA RODOLFO TEÓFILO
IPHONE XR,1899.0,MARACANAÚ CENTRO
IPHONE X,1899.0,FORTALEZA JARDIM DAS OLIVEIRAS
IPHONE 11,1899.0,FORTALEZA AEROLÂNDIA
IPHONE X,1899.0,FORTALEZA AEROPORTO
IPHONE XR,1899.0,MARACANAÚ CENTRO
IPHONE X,1900.0,FORTALEZA PARANGABA
IPHONE 11,1900.0,CAUCAIA PARQUE GUADALAJARA (JUREMA)
IPHONE XS,1900.0,FORTALEZA CENTRO
IPHONE 11,1900.0,FORTALEZA FÁTIMA
IPHONE 11,1900.0,FORTALEZA ITAPERI
IPHONE XS MAX,1900.0,FORTALEZA TAUAPE
IPHONE XR,1900.0,FORTALEZA CIDADE DOS FUNCIONÁRIOS
IPHONE XS MAX,1900.0,FORTALEZA MOURA BRASIL
IPHONE 11,1900.0,FORTALEZA PRES KENNEDY
IPHONE 11,1900.0,FORTALEZA VILA VELHA
IPHONE X,1900.0,FORTALEZA BELA VISTA
IPHONE X,1900.0,FORTALEZA NOVO MONDUBIM
IPHONE 11,1900.0,EUSÉBIO CENTRO
IPHONE 11 PRO,1900.0,FORTALEZA HENRIQUE JORGE
IPHONE 11,1900.0,FORTALEZA MONDUBIM
IPHONE 11,1900.0,FORTALEZA CAIS DO PORTO
IPHONE X,1900.0,FORTALEZA HENRIQUE JORGE
IPHONE X,1900.0,AQUIRAZ
IPHONE XS,1900.0,FORTALEZA VILA VELHA
IPHONE X,1900.0,FORTALEZA COCÓ
IPHONE X,1900.0,FORTALEZA DENDÊ
IPHONE 11,1900.0,FORTALEZA VILA UNIÃO
IPHONE X,1900.0,FORTALEZA MESSEJANA
IPHONE ,1900.0,FORTALEZA GRANJA LISBOA
IPHONE 11,1900.0,FORTALEZA JANGURUSSU
IPHONE XS,1900.0,FORTALEZA CIDADE DOS FUNCIONÁRIOS
IPHONE 11,1920.0,FORTALEZA ANTÔNIO BEZERRA
IPHONE XR,1949.0,MARACANAÚ CENTRO
IPHONE XR,1949.0,MARACANAÚ CENTRO
IPHONE XR,1949.0,MARACANAÚ CENTRO
IPHONE X,1950.0,FORTALEZA COCÓ
IPHONE X,1950.0,FORTALEZA PLANALTO AYRTON SENNA
IPHONE 8 PLUS,1950.0,FORTALEZA VICENTE PINZON
IPHONE XS,1950.0,FORTALEZA JARDIM CEARENSE
IPHONE X,1950.0,FORTALEZA MEIRELES
IPHONE X,1990.0,PACATUBA SENADOR CARLOS JEREISSATI
IPHONE 11,1990.0,FORTALEZA MONDUBIM
IPHONE 11,1999.0,FORTALEZA CENTRO
IPHONE XS MAX,1999.0,FORTALEZA FÁTIMA
IPHONE 11,1999.0,FORTALEZA MEIRELES
IPHONE 11,1999.0,AQUIRAZ
IPHONE 11,2000.0,FORTALEZA PASSARÉ
IPHONE X,2000.0,FORTALEZA SÃO GERARDO
IPHONE 11 PRO,2000.0,FORTALEZA NOVO MONDUBIM
IPHONE 11,2000.0,FORTALEZA VARJOTA
IPHONE XR,2000.0,FORTALEZA CIDADE DOS FUNCIONÁRIOS
IPHONE XS MAX,2000.0,FORTALEZA ALDEOTA
IPHONE 11,2000.0,FORTALEZA PREFEITO JOSÉ WALTER
IPHONE X,2000.0,MARACANAÚ INDUSTRIAL
IPHONE 11,2000.0,FORTALEZA MEIRELES
IPHONE XR,2000.0,FORTALEZA CENTRO
IPHONE XS,2000.0,FORTALEZA PARANGABA
IPHONE X,2000.0,FORTALEZA CANINDEZINHO
IPHONE X,2000.0,FORTALEZA GRANJA PORTUGAL
IPHONE XR,2000.0,FORTALEZA MEIRELES
IPHONE XR,2000.0,FORTALEZA PEDRAS
IPHONE X,2000.0,FORTALEZA DE LOURDES
IPHONE X,2000.0,FORTALEZA OLAVO OLIVEIRA
IPHONE 11,2000.0,MARANGUAPE SAPUPARA
IPHONE 11,2000.0,FORTALEZA PAPICU
IPHONE 11,2000.0,CAUCAIA PARQUE POTIRA (JUREMA)
IPHONE 11,2000.0,FORTALEZA MESSEJANA
IPHONE 11,2000.0,FORTALEZA MEIRELES
IPHONE X,2000.0,FORTALEZA VICENTE PINZON
IPHONE 8 PLUS,2000.0,FORTALEZA PARQUE DOIS IRMÃOS
IPHONE X,2000.0,FORTALEZA JANGURUSSU
IPHONE X,2000.0,MARACANAÚ CENTRO
IPHONE X,2000.0,FORTALEZA DAMAS
IPHONE 11,2000.0,FORTALEZA DIONISIO TORRES
IPHONE 11,2000.0,PACATUBA SÃO JOSÉ
IPHONE X,2000.0,FORTALEZA JARDIM IRACEMA
IPHONE 11,2000.0,PENTECOSTE
IPHONE XS MAX,2000.0,CAUCAIA SÃO MIGUEL (JUREMA)
IPHONE XS MAX,2000.0,FORTALEZA ANTÔNIO BEZERRA
IPHONE 11,2000.0,FORTALEZA BARRA DO CEARÁ
IPHONE X,2000.0,FORTALEZA NOVO MONDUBIM
IPHONE X,2000.0,FORTALEZA CAJAZEIRAS
IPHONE X,2000.0,FORTALEZA NOVO MONDUBIM
IPHONE 11,2000.0,FORTALEZA BARRA DO CEARÁ
IPHONE 11,2000.0,FORTALEZA CONJUNTO CEARÁ II
IPHONE X,2000.0,FORTALEZA DE LOURDES
IPHONE XR,2000.0,FORTALEZA CONJUNTO CEARÁ I
IPHONE X,2000.0,FORTALEZA JOAQUIM TÁVORA
IPHONE SE,2000.0,FORTALEZA FARIAS BRITO
IPHONE 8 PLUS,2000.0,CAUCAIA PARQUE POTIRA (JUREMA)
IPHONE 11,2000.0,FORTALEZA CONJUNTO ESPERANÇA
IPHONE 11 PRO,2000.0,FORTALEZA CONJUNTO CEARÁ II
IPHONE 11,2000.0,FORTALEZA BARRA DO CEARÁ
IPHONE ,2000.0,FORTALEZA OLAVO OLIVEIRA
IPHONE 11,2050.0,FORTALEZA VILA VELHA
IPHONE 11,2099.0,MARACANAÚ DISTRITO IND III
IPHONE 11 PRO,2100.0,CAUCAIA NOVA METRÓPOLE (JUREMA)
IPHONE 11,2100.0,CAUCAIA NOVA METRÓPOLE (JUREMA)
IPHONE 11,2100.0,FORTALEZA PARQUE ARAXÁ
IPHONE 11,2100.0,FORTALEZA DIONISIO TORRES
IPHONE 11,2100.0,FORTALEZA PRESIDENTE KENNEDY
IPHONE XS MAX,2100.0,FORTALEZA MANUEL DIAS BRANCO
IPHONE 11,2100.0,FORTALEZA PAPICU
IPHONE X,2100.0,FORTALEZA RODOLFO TEÓFILO
IPHONE X,2100.0,FORTALEZA CAJAZEIRAS
IPHONE 11,2100.0,FORTALEZA PREFEITO JOSÉ WALTER
IPHONE X,2100.0,FORTALEZA DAMAS
IPHONE 11,2100.0,FORTALEZA JANGURUSSU
IPHONE 11,2100.0,MARACANAÚ JARDIM BANDEIRANTES
IPHONE 8 PLUS,2100.0,FORTALEZA CARLITO PAMPLONA
IPHONE 11,2100.0,FORTALEZA PAPICU
IPHONE 11,2100.0,FORTALEZA CENTRO
IPHONE X,2100.0,FORTALEZA ALDEOTA
IPHONE 11,2100.0,FORTALEZA BOM JARDIM
IPHONE XS MAX,2100.0,FORTALEZA NOVO MONDUBIM
IPHONE 11,2100.0,FORTALEZA JOSÉ BONIFÁCIO
IPHONE XS MAX,2100.0,FORTALEZA JANGURUSSU
IPHONE X,2100.0,MARACANAÚ ALTO ALEGRE II
IPHONE 11,2100.0,FORTALEZA MONTESE
IPHONE X PRO MAX ,2100.0,FORTALEZA SERRINHA
IPHONE 11,2100.0,PINDORETAMA
IPHONE 11,2100.0,MARACANAÚ NOVO MARACANAÚ
IPHONE 11,2100.0,FORTALEZA VILA UNIÃO
IPHONE 11,2100.0,MARACANAÚ ALTO ALEGRE II
IPHONE 11,2100.0,FORTALEZA MEIRELES
IPHONE 11,2100.0,FORTALEZA CIDADE 2000
IPHONE 11,2100.0,FORTALEZA MONTESE
IPHONE 11,2100.0,FORTALEZA CONJUNTO CEARÁ II
IPHONE 11,2100.0,FORTALEZA PEDRAS
IPHONE X,2100.0,CAUCAIA JARDIM ICARAÍ
IPHONE 11,2100.0,FORTALEZA CENTRO
IPHONE 11,2100.0,FORTALEZA TAUAPE
IPHONE X,2100.0,FORTALEZA ANTÔNIO BEZERRA
IPHONE 11,2150.0,PACATUBA SENADOR CARLOS JEREISSATI
IPHONE 11,2150.0,FORTALEZA PASSARÉ
IPHONE 11,2150.0,FORTALEZA LAGOA REDONDA
IPHONE X,2150.0,CAUCAIA
IPHONE 11,2199.0,FORTALEZA ALDEOTA
IPHONE 11,2199.0,CAUCAIA MARECHAL RONDON (JUREMA)
IPHONE 11,2200.0,FORTALEZA SÃO GERARDO
IPHONE 11,2200.0,FORTALEZA SAPIRANGA-COITÉ
IPHONE 11,2200.0,FORTALEZA ITAPERI
IPHONE 11,2200.0,FORTALEZA RODOLFO TEÓFILO
IPHONE 11,2200.0,FORTALEZA ALDEOTA
IPHONE 11,2200.0,FORTALEZA BARRA DO CEARÁ
IPHONE 11,2200.0,FORTALEZA ENGENHEIRO LUCIANO CAVALCANTE
IPHONE 11,2200.0,FORTALEZA VILA PERI
IPHONE 11,2200.0,FORTALEZA JARDIM CEARENSE
IPHONE 11,2200.0,CAUCAIA ICARAÍ
IPHONE 11,2200.0,FORTALEZA PLANALTO AYRTON SENNA
IPHONE 11,2200.0,FORTALEZA JARDIM GUANABARA
IPHONE XS MAX,2200.0,FORTALEZA EDSON QUEIROZ
IPHONE 11,2200.0,FORTALEZA PAUPINA
IPHONE 11,2200.0,FORTALEZA CRISTO REDENTOR
IPHONE XS MAX,2200.0,FORTALEZA CENTRO
IPHONE 11,2200.0,FORTALEZA CIDADE 2000
IPHONE XS MAX,2200.0,FORTALEZA QUINTINO CUNHA
IPHONE 11,2200.0,FORTALEZA JOAQUIM TÁVORA
IPHONE ,2200.0,FORTALEZA GUAJERU
IPHONE XS MAX,2200.0,FORTALEZA PAPICU
IPHONE XR,2200.0,FORTALEZA PARQUE MANIBURA
IPHONE X,2200.0,FORTALEZA BARRA DO CEARÁ
IPHONE XS MAX,2200.0,FORTALEZA JARDIM DAS OLIVEIRAS
IPHONE 11,2200.0,FORTALEZA PARQUE IRACEMA
IPHONE 11,2200.0,FORTALEZA PAUPINA
IPHONE 11,2200.0,FORTALEZA LAGOA REDONDA
IPHONE 11,2200.0,CAUCAIA PLANALTO CAUCAIA
IPHONE 11,2200.0,FORTALEZA CAMBEBA
IPHONE ,2200.0,FORTALEZA GUAJERU
IPHONE 11,2200.0,FORTALEZA BARRA DO CEARÁ
IPHONE XS MAX,2200.0,FORTALEZA BOM JARDIM
IPHONE 11,2200.0,FORTALEZA PARANGABA
IPHONE XS MAX,2200.0,FORTALEZA MONDUBIM
IPHONE 11,2200.0,FORTALEZA PARQUE SANTA ROSA
IPHONE 8 PLUS,2200.0,CAUCAIA PARQUE POTIRA (JUREMA)
IPHONE ,2200.0,FORTALEZA CENTRO
IPHONE 11,2200.0,FORTALEZA PANAMERICANO
IPHONE 11,2200.0,FORTALEZA VILA VELHA
IPHONE 11,2200.0,FORTALEZA MONDUBIM
IPHONE 11,2250.0,CAUCAIA PACHECO
IPHONE 11,2250.0,CAUCAIA CURICACA
IPHONE 11,2250.0,FORTALEZA ENGENHEIRO LUCIANO CAVALCANTE
IPHONE 11,2250.0,MARANGUAPE NOVO MARANGUAPE I
IPHONE 11,2250.0,FORTALEZA LAGOA REDONDA
IPHONE 11,2250.0,FORTALEZA ELLERY
IPHONE 11,2250.0,FORTALEZA HENRIQUE JORGE
IPHONE 64GB,2250.0,FORTALEZA VILA UNIÃO
IPHONE 11,2250.0,CAUCAIA ARATURI (JUREMA)
IPHONE 11,2299.0,FORTALEZA PASSARÉ
IPHONE 11,2299.0,FORTALEZA PASSARÉ
IPHONE 11,2300.0,MARACANAÚ ALTO ALEGRE II
IPHONE 11,2300.0,FORTALEZA CONJUNTO CEARÁ II
IPHONE XS,2300.0,PACATUBA SENADOR CARLOS JEREISSATI
IPHONE 11,2300.0,FORTALEZA CENTRO
IPHONE 11,2300.0,FORTALEZA CENTRO
IPHONE XS,2300.0,PACATUBA SENADOR CARLOS JEREISSATI
IPHONE SE,2300.0,FORTALEZA EDSON QUEIROZ
IPHONE 11,2300.0,FORTALEZA EDSON QUEIROZ
IPHONE XS MAX,2300.0,FORTALEZA ALDEOTA
IPHONE 11,2300.0,MARACANAÚ PAJUÇARA
IPHONE 11,2300.0,FORTALEZA CENTRO
IPHONE 11,2300.0,FORTALEZA JANGURUSSU
IPHONE 11,2300.0,FORTALEZA AMADEU FURTADO
IPHONE 11,2300.0,FORTALEZA VICENTE PINZON
IPHONE 11,2300.0,MARANGUAPE OUTRA BANDA
IPHONE X,2300.0,FORTALEZA MONDUBIM
IPHONE 11,2300.0,FORTALEZA BELA VISTA
IPHONE X,2300.0,FORTALEZA LAGOA REDONDA
IPHONE 11,2300.0,FORTALEZA MANOEL SÁTIRO
IPHONE 11,2300.0,FORTALEZA PASSARÉ
IPHONE 11,2350.0,FORTALEZA RODOLFO TEÓFILO
IPHONE 11,2350.0,FORTALEZA MESSEJANA
IPHONE 12,2350.0,FORTALEZA PASSARÉ
IPHONE 11,2350.0,FORTALEZA NOVO MONDUBIM
IPHONE 12 MINI,2350.0,FORTALEZA FÁTIMA
IPHONE 12 MINI,2350.0,FORTALEZA FÁTIMA
IPHONE 11,2390.0,FORTALEZA PAPICU
IPHONE 12 MINI,2390.0,FORTALEZA BELA VISTA
IPHONE 11,2399.0,MARACANAÚ CENTRO
IPHONE 11,2399.0,FORTALEZA PARQUE SÃO JOSÉ
IPHONE 11,2399.0,MARACANAÚ CENTRO
IPHONE 11,2400.0,FORTALEZA NOVO MONDUBIM
IPHONE 11,2400.0,FORTALEZA PARQUELÂNDIA
IPHONE 11,2400.0,PACAJUS
IPHONE 11,2400.0,FORTALEZA MUCURIPE
IPHONE 11,2400.0,CAUCAIA PARQUE GUADALAJARA (JUREMA)
IPHONE X,2400.0,FORTALEZA PAPICU
IPHONE 11 PRO,2400.0,FORTALEZA DIONISIO TORRES
IPHONE 11,2400.0,FORTALEZA BONSUCESSO
IPHONE 11,2400.0,FORTALEZA BARRA DO CEARÁ
IPHONE 11,2400.0,FORTALEZA PARREÃO
IPHONE 11,2400.0,FORTALEZA ANTÔNIO BEZERRA
IPHONE 11,2400.0,FORTALEZA PARQUELÂNDIA
IPHONE 11,2400.0,FORTALEZA DENDÊ
IPHONE 11,2400.0,FORTALEZA BONSUCESSO
IPHONE XS MAX,2400.0,FORTALEZA MONTE CASTELO
IPHONE 11,2400.0,FORTALEZA FÁTIMA
IPHONE 11,2400.0,FORTALEZA PLANALTO AYRTON SENNA
IPHONE 11,2400.0,CAUCAIA PARQUE GUADALAJARA (JUREMA)
IPHONE 11,2449.0,FORTALEZA CENTRO
IPHONE 11,2450.0,CAUCAIA TABUBA
IPHONE 11,2450.0,FORTALEZA PASSARÉ
IPHONE 11,2450.0,MARACANAÚ INDUSTRIAL
IPHONE 11,2450.0,EUSÉBIO CENTRO
IPHONE 11,2450.0,MARANGUAPE NOVO MARANGUAPE I
IPHONE 11,2450.0,FORTALEZA DAMAS
IPHONE X,2490.0,FORTALEZA FÁTIMA
IPHONE 11,2499.0,MARACANAÚ CENTRO
IPHONE 11,2499.0,EUSÉBIO TAMATANDUBA
IPHONE 11,2499.0,FORTALEZA MARAPONGA
IPHONE 11,2499.0,FORTALEZA PASSARÉ
IPHONE 11,2499.0,FORTALEZA SÃO GERARDO
IPHONE 11,2499.0,FORTALEZA COCÓ
IPHONE 11,2499.0,FORTALEZA ITAPERI
IPHONE 11,2500.0,MARACANAÚ JARDIM BANDEIRANTES
IPHONE 11,2500.0,FORTALEZA MESSEJANA
IPHONE 11 PRO MAX,2500.0,EUSÉBIO LAGOINHA
IPHONE 12 MINI,2500.0,FORTALEZA MONDUBIM
IPHONE 11,2500.0,FORTALEZA MEIRELES
IPHONE 11,2500.0,FORTALEZA JARDIM IRACEMA
IPHONE 11,2500.0,FORTALEZA MEIRELES
IPHONE 11,2500.0,PACATUBA PAVUNA
IPHONE 11,2500.0,FORTALEZA BELA VISTA
IPHONE 11,2500.0,FORTALEZA PARQUE MANIBURA
IPHONE 11,2500.0,FORTALEZA MEIRELES
IPHONE 11,2500.0,FORTALEZA CRISTO REDENTOR
IPHONE 11,2500.0,CAUCAIA TABAPUÁ
IPHONE 12 MINI,2500.0,FORTALEZA BOM JARDIM
IPHONE 11,2500.0,FORTALEZA JOÃO XXIII
IPHONE 11,2500.0,FORTALEZA RODOLFO TEÓFILO
IPHONE 11,2500.0,FORTALEZA SAPIRANGA-COITÉ
IPHONE 11,2500.0,MARACANAÚ NOVO MARACANAÚ
IPHONE 11,2500.0,FORTALEZA CARLITO PAMPLONA
IPHONE 12,2500.0,FORTALEZA COCÓ
IPHONE 11,2500.0,FORTALEZA CIDADE 2000
IPHONE 11,2500.0,FORTALEZA RODOLFO TEÓFILO
IPHONE 11,2500.0,FORTALEZA MESSEJANA
IPHONE 11,2500.0,FORTALEZA GENIBAÚ
IPHONE ,2500.0,CAUCAIA PADRE JULIO MARIA
IPHONE 11,2500.0,FORTALEZA QUINTINO CUNHA
IPHONE 11 PRO MAX,2500.0,FORTALEZA PASSARÉ
IPHONE 11,2500.0,FORTALEZA SIQUEIRA
IPHONE 11,2500.0,FORTALEZA MONTE CASTELO
IPHONE 11,2500.0,FORTALEZA MONTE CASTELO
IPHONE 11,2500.0,FORTALEZA RODOLFO TEÓFILO
IPHONE 11,2500.0,REDENÇÃO
IPHONE 11,2549.0,MARACANAÚ CENTRO
IPHONE 11,2550.0,FORTALEZA BOA VISTA-CASTELÃO
IPHONE 11,2599.0,MARACANAÚ CENTRO
IPHONE 11,2599.0,FORTALEZA CIDADE DOS FUNCIONÁRIOS
IPHONE 11 PRO,2600.0,FORTALEZA SÃO GERARDO
IPHONE 11,2600.0,MARACANAÚ PIRATININGA
IPHONE 11,2600.0,FORTALEZA CRISTO REDENTOR
IPHONE 11,2600.0,FORTALEZA MANOEL SÁTIRO
IPHONE 11,2600.0,FORTALEZA MESSEJANA
IPHONE 11,2600.0,FORTALEZA SÃO GERARDO
IPHONE 12 MINI,2600.0,FORTALEZA JARDIM CEARENSE
IPHONE 11,2600.0,FORTALEZA ALDEOTA
IPHONE 11,2600.0,FORTALEZA PAPICU
IPHONE 11 PRO,2600.0,FORTALEZA QUINTINO CUNHA
IPHONE 11,2600.0,CAUCAIA NOVA METRÓPOLE (JUREMA)
IPHONE 12,2600.0,FORTALEZA VILA VELHA
IPHONE 11,2600.0,FORTALEZA MANOEL SÁTIRO
IPHONE 11 PRO,2600.0,MARACANAÚ TIMBÓ
IPHONE 11,2640.0,FORTALEZA PASSARÉ
IPHONE 11,2650.0,FORTALEZA CAMBEBA
IPHONE 11 PRO,2699.0,FORTALEZA MONDUBIM
IPHONE 12,2699.0,FORTALEZA MESSEJANA
IPHONE 11,2699.0,FORTALEZA PAPICU
IPHONE 11,2700.0,FORTALEZA PAPICU
IPHONE 11 PRO,2700.0,FORTALEZA CARLITO PAMPLONA
IPHONE 11,2700.0,PACATUBA SENADOR CARLOS JEREISSATI
IPHONE 12 MINI,2700.0,CAUCAIA PLANALTO CAUCAIA
IPHONE 11,2700.0,FORTALEZA QUINTINO CUNHA
IPHONE 11,2700.0,FORTALEZA CONJUNTO CEARÁ I
IPHONE 11 PRO MAX,2700.0,FORTALEZA VILA VELHA
IPHONE 11,2700.0,FORTALEZA ITAPERI
IPHONE 11,2700.0,FORTALEZA ITAPERI
IPHONE 11,2700.0,AQUIRAZ
IPHONE 11,2700.0,FORTALEZA MONTESE
IPHONE 11,2700.0,FORTALEZA ÁLVARO WEYNE
IPHONE 7 PLUS,2700.0,FORTALEZA BOA VISTA-CASTELÃO
IPHONE 12,2700.0,FORTALEZA CAIS DO PORTO
IPHONE 11,2700.0,FORTALEZA PASSARÉ
IPHONE 11,2700.0,FORTALEZA MANOEL SÁTIRO
IPHONE 11 PRO,2700.0,FORTALEZA PASSARÉ
IPHONE 11 PRO,2700.0,FORTALEZA PASSARÉ
IPHONE 11 PRO,2700.0,FORTALEZA CENTRO
IPHONE 11 PRO MAX,2700.0,FORTALEZA PASSARÉ
IPHONE 11,2700.0,FORTALEZA BONSUCESSO
IPHONE 11,2700.0,FORTALEZA ENGENHEIRO LUCIANO CAVALCANTE
IPHONE 11 PRO MAX,2700.0,FORTALEZA SIQUEIRA
IPHONE 11,2700.0,FORTALEZA BENFICA
IPHONE 11,2720.0,FORTALEZA JOAQUIM TÁVORA
IPHONE 11,2750.0,FORTALEZA ALDEOTA
IPHONE 12 MINI,2750.0,FORTALEZA COUTO FERNANDES
IPHONE 11,2750.0,FORTALEZA PAUPINA
IPHONE 11,2750.0,FORTALEZA VILA VELHA
IPHONE 12,2750.0,FORTALEZA SÃO GERARDO
IPHONE 11 PRO,2750.0,FORTALEZA LAGOA REDONDA
IPHONE X,2760.0,FORTALEZA VILA UNIÃO
IPHONE 11,2790.0,FORTALEZA CENTRO
IPHONE 11,2790.0,FORTALEZA CENTRO
IPHONE 11,2790.0,MARACANAÚ NOVO ORIENTE
IPHONE 12,2799.0,PACATUBA SENADOR CARLOS JEREISSATI
IPHONE 12,2799.0,FORTALEZA COCÓ
IPHONE 11 PRO MAX,2799.0,AQUIRAZ
IPHONE 11 PRO,2799.0,AQUIRAZ
IPHONE 11 PRO MAX,2800.0,FORTALEZA CENTRO
IPHONE 12,2800.0,FORTALEZA CONJUNTO CEARÁ I
IPHONE 11,2800.0,FORTALEZA JARDIM DAS OLIVEIRAS
IPHONE 11,2800.0,FORTALEZA BELA VISTA
IPHONE 12,2800.0,FORTALEZA BARRA DO CEARÁ
IPHONE 12,2800.0,FORTALEZA MONTESE
IPHONE 11,2800.0,FORTALEZA MESSEJANA
IPHONE 11,2800.0,FORTALEZA PARQUE ARAXÁ
IPHONE 12 PRO,2800.0,FORTALEZA MEIRELES
IPHONE 11,2800.0,FORTALEZA PARQUE DOIS IRMÃOS
IPHONE 11,2800.0,FORTALEZA MEIRELES
IPHONE 11 PRO,2800.0,AQUIRAZ
IPHONE 11 PRO MAX,2800.0,FORTALEZA JOÃO XXIII
IPHONE 11 PRO,2850.0,FORTALEZA GRANJA LISBOA
IPHONE 12,2850.0,FORTALEZA BONSUCESSO
IPHONE 12,2850.0,FORTALEZA PREFEITO JOSÉ WALTER
IPHONE 11,2850.0,FORTALEZA RODOLFO TEÓFILO
IPHONE 11,2850.0,FORTALEZA PAPICU
IPHONE 12,2850.0,FORTALEZA CAMBEBA
IPHONE 11,2850.0,FORTALEZA CIDADE DOS FUNCIONÁRIOS
IPHONE 11 PRO,2899.0,FORTALEZA EDSON QUEIROZ
IPHONE 11 PRO MAX,2900.0,FORTALEZA MESSEJANA
IPHONE 11 PRO MAX,2900.0,FORTALEZA BARRA DO CEARÁ
IPHONE 12 MINI,2900.0,PACATUBA CENTRO
IPHONE 12,2900.0,EUSÉBIO URUCUNEMA
IPHONE 11 PRO MAX,2900.0,FORTALEZA CENTRO
IPHONE 12,2900.0,FORTALEZA PARANGABA
IPHONE 11 PRO MAX,2900.0,MARACANAÚ NOVO ORIENTE
IPHONE 11 PRO MAX,2900.0,FORTALEZA MESSEJANA
IPHONE 11,2900.0,FORTALEZA QUINTINO CUNHA
IPHONE 12,2900.0,FORTALEZA MESSEJANA
IPHONE 11,2900.0,FORTALEZA BENFICA
IPHONE 11 PRO,2900.0,FORTALEZA PICI
IPHONE 11 PRO MAX,2900.0,FORTALEZA COCÓ
IPHONE 11,2900.0,FORTALEZA BARRA DO CEARÁ
IPHONE 11,2950.0,FORTALEZA CAJAZEIRAS
IPHONE 11,2950.0,FORTALEZA CAJAZEIRAS
IPHONE 11 PRO MAX,2950.0,PACAJUS
IPHONE 11 PRO,2950.0,FORTALEZA CENTRO
IPHONE 12,2999.0,FORTALEZA RODOLFO TEÓFILO
IPHONE 12,2999.0,PACATUBA SENADOR CARLOS JEREISSATI
IPHONE 11 PRO,2999.0,AQUIRAZ
IPHONE 11 PRO,3000.0,FORTALEZA JACARECANGA
IPHONE 12,3000.0,FORTALEZA ALDEOTA
IPHONE 11 PRO,3000.0,EUSÉBIO CARARU
IPHONE 11 PRO MAX,3000.0,FORTALEZA JOÃO XXIII
IPHONE 11 PRO MAX,3000.0,FORTALEZA CENTRO
IPHONE 11 PRO,3000.0,FORTALEZA PARQUE SÃO JOSÉ
IPHONE 11,3000.0,FORTALEZA VICENTE PINZON
IPHONE 12,3000.0,PACAJUS
IPHONE X,3000.0,FORTALEZA SAPIRANGA-COITÉ
IPHONE 11 PRO MAX,3000.0,CAUCAIA SÃO MIGUEL (JUREMA)
IPHONE 12,3000.0,FORTALEZA HENRIQUE JORGE
IPHONE 11 PRO,3000.0,FORTALEZA MONTESE
IPHONE 12,3000.0,FORTALEZA JARDIM DAS OLIVEIRAS
IPHONE 12,3000.0,FORTALEZA JARDIM IRACEMA
IPHONE 11,3000.0,AQUIRAZ
IPHONE 11 PRO,3000.0,FORTALEZA BOA VISTA-CASTELÃO
IPHONE 11,3000.0,FORTALEZA RODOLFO TEÓFILO
IPHONE 12,3000.0,FORTALEZA BARRA DO CEARÁ
IPHONE 13 MINI,3000.0,FORTALEZA COCÓ
IPHONE 12 PRO,3000.0,FORTALEZA PASSARÉ
IPHONE 12 PRO,3000.0,FORTALEZA CURIÓ
IPHONE 11,3000.0,FORTALEZA PRESIDENTE KENNEDY
IPHONE 11 PRO MAX,3000.0,FORTALEZA JANGURUSSU
IPHONE 11 PRO MAX,3000.0,MARACANAÚ NOVO ORIENTE
IPHONE 12,3000.0,FORTALEZA EDSON QUEIROZ
IPHONE 11 PRO MAX,3000.0,CAUCAIA ICARAÍ
IPHONE 11,3000.0,PACATUBA FORQUILHA
IPHONE 12,3000.0,FORTALEZA MONDUBIM
IPHONE 11,3000.0,FORTALEZA SIQUEIRA
IPHONE 12,3000.0,FORTALEZA CONJUNTO ESPERANÇA
IPHONE 11 PRO MAX,3000.0,FORTALEZA ENGENHEIRO LUCIANO CAVALCANTE
IPHONE 12,3000.0,FORTALEZA SERRINHA
IPHONE 11 PRO,3000.0,CAUCAIA ARIANÓPOLIS (JUREMA)
IPHONE 13 MINI,3000.0,FORTALEZA COCÓ
IPHONE 11 PRO MAX,3000.0,FORTALEZA COCÓ
IPHONE 12,3000.0,FORTALEZA MEIRELES
IPHONE 11,3000.0,FORTALEZA CENTRO
IPHONE 11 PRO MAX,3000.0,FORTALEZA MARAPONGA
IPHONE 11 PRO,3000.0,FORTALEZA HENRIQUE JORGE
IPHONE ,3000.0,FORTALEZA CENTRO
IPHONE 11 PRO MAX,3049.0,FORTALEZA MESSEJANA
IPHONE 12,3049.0,FORTALEZA MANOEL SÁTIRO
IPHONE 12,3049.0,FORTALEZA MESSEJANA
IPHONE 12,3050.0,FORTALEZA DIONISIO TORRES
IPHONE 11 PRO MAX,3050.0,FORTALEZA PRAIA DE IRACEMA
IPHONE 12,3099.0,FORTALEZA EDSON QUEIROZ
IPHONE 12,3099.0,AQUIRAZ
IPHONE 12,3099.0,EUSÉBIO TAMATANDUBA
IPHONE 12,3099.0,MARACANAÚ CENTRO
IPHONE 11 PRO MAX,3100.0,FORTALEZA PREFEITO JOSÉ WALTER
IPHONE 12,3100.0,FORTALEZA BARRA DO CEARÁ
IPHONE 11 PRO MAX,3100.0,MARANGUAPE PARQUE IRACEMA
IPHONE 11 PRO,3100.0,FORTALEZA CAJAZEIRAS
IPHONE 11 PRO,3100.0,FORTALEZA CAJAZEIRAS
IPHONE 12,3100.0,FORTALEZA DEMÓCRITO ROCHA
IPHONE 11 PRO,3100.0,MARACANAÚ JARDIM BANDEIRANTES
IPHONE 11 PRO MAX,3100.0,FORTALEZA CIDADE DOS FUNCIONÁRIOS
IPHONE 11,3100.0,FORTALEZA JÓQUEI CLUBE
IPHONE 12,3150.0,FORTALEZA CAMBEBA
IPHONE 12,3159.0,FORTALEZA PRESIDENTE KENNEDY
IPHONE 11 PRO MAX,3199.0,FORTALEZA AEROLÂNDIA
IPHONE 12,3199.0,FORTALEZA FÁTIMA
IPHONE 12,3199.0,FORTALEZA SÃO GERARDO
IPHONE 12,3200.0,FORTALEZA ALDEOTA
IPHONE 12,3200.0,FORTALEZA MEIRELES
IPHONE 11 PRO MAX,3200.0,CAUCAIA NOVA METRÓPOLE (JUREMA)
IPHONE 11 PRO,3200.0,FORTALEZA LAGOA REDONDA
IPHONE 11 PRO MAX,3200.0,FORTALEZA MEIRELES
IPHONE 12,3200.0,FORTALEZA MEIRELES
IPHONE 11 PRO,3200.0,FORTALEZA MEIRELES
IPHONE 12,3200.0,FORTALEZA ALDEOTA
IPHONE 11 PRO MAX,3200.0,FORTALEZA MEIRELES
IPHONE 11,3200.0,FORTALEZA PARREÃO
IPHONE 12,3200.0,FORTALEZA CARLITO PAMPLONA
IPHONE 11 PRO MAX,3200.0,FORTALEZA ARACAPÉ
IPHONE 11 PRO MAX,3200.0,FORTALEZA MONTE CASTELO
IPHONE 11 PRO MAX,3299.0,MARACANAÚ CENTRO
IPHONE 12,3299.0,AQUIRAZ
IPHONE 11 PRO MAX,3299.0,MARACANAÚ CENTRO
IPHONE 11 PRO MAX,3300.0,EUSÉBIO CENTRO
IPHONE 12,3300.0,FORTALEZA CAMBEBA
IPHONE 12,3300.0,CAUCAIA ARATURI (JUREMA)
IPHONE 12,3300.0,FORTALEZA EDSON QUEIROZ
IPHONE 11 PRO MAX,3350.0,FORTALEZA SALINAS
IPHONE 11 PRO MAX,3399.0,MARACANAÚ CENTRO
IPHONE 11 PRO MAX,3399.0,FORTALEZA CENTRO
IPHONE 11 PRO MAX,3399.0,MARACANAÚ LUZARDO VIANA
IPHONE 11 PRO MAX,3399.0,MARACANAÚ CENTRO
IPHONE 11 PRO MAX,3399.0,MARACANAÚ CENTRO
IPHONE 11 PRO MAX,3400.0,FORTALEZA MANUEL DIAS BRANCO
IPHONE 11 PRO MAX,3400.0,FORTALEZA CARLITO PAMPLONA
IPHONE 11 PRO MAX,3400.0,CAUCAIA IPARANA
IPHONE 11 PRO MAX,3400.0,FORTALEZA MESSEJANA
IPHONE 11 PRO,3400.0,FORTALEZA DAMAS
IPHONE 12,3400.0,FORTALEZA DENDÊ
IPHONE 11 PRO MAX,3400.0,FORTALEZA PEDRAS
IPHONE 11 PRO MAX,3449.0,EUSÉBIO TAMATANDUBA
IPHONE 12,3498.0,FORTALEZA CAJAZEIRAS
IPHONE 11 PRO MAX,3499.0,MARACANAÚ CENTRO
IPHONE 12,3499.0,FORTALEZA CONJUNTO CEARÁ II
IPHONE 11 PRO MAX,3499.0,MARACANAÚ CENTRO
IPHONE 11 PRO MAX,3500.0,FORTALEZA MUCURIPE
IPHONE 12,3500.0,FORTALEZA ELLERY
IPHONE 12,3500.0,FORTALEZA ALDEOTA
IPHONE 12,3500.0,CAUCAIA NOVA METRÓPOLE (JUREMA)
IPHONE 12 PRO,3500.0,PACATUBA SENADOR CARLOS JEREISSATI
IPHONE 12,3500.0,FORTALEZA PREFEITO JOSÉ WALTER
IPHONE 12,3500.0,FORTALEZA PREFEITO JOSÉ WALTER
IPHONE 12,3500.0,FORTALEZA JOÃO XXIII
IPHONE 11 PRO MAX,3500.0,FORTALEZA SERRINHA
IPHONE 12,3500.0,FORTALEZA ALDEOTA
IPHONE 11 PRO MAX,3500.0,FORTALEZA JARDIM IRACEMA
IPHONE 11 PRO MAX,3500.0,FORTALEZA PASSARÉ
IPHONE 12,3500.0,FORTALEZA VILA VELHA
IPHONE 11,3500.0,AQUIRAZ
IPHONE 11 PRO MAX,3500.0,FORTALEZA PARANGABA
IPHONE 11 PRO MAX,3500.0,MARACANAÚ JARDIM BANDEIRANTES
IPHONE 11 PRO MAX,3500.0,FORTALEZA FÁTIMA
IPHONE 12,3500.0,FORTALEZA PARANGABA
IPHONE 12,3500.0,CASCAVEL
IPHONE 11 PRO,3500.0,FORTALEZA BARRA DO CEARÁ
IPHONE 12,3500.0,FORTALEZA QUINTINO CUNHA
IPHONE 12,3500.0,FORTALEZA CRISTO REDENTOR
IPHONE 11 PRO MAX,3500.0,FORTALEZA GRANJA LISBOA
IPHONE 13 MINI,3550.0,MARACANAÚ ALTO DA MANGUEIRA
IPHONE 13,3580.0,FORTALEZA PIRAMBU
IPHONE 12,3600.0,CAUCAIA TABAPUÁ
IPHONE 12 PRO,3650.0,FORTALEZA PARANGABA
IPHONE 11 PRO MAX,3700.0,FORTALEZA VARJOTA
IPHONE SE,3700.0,FORTALEZA PARQUE DOIS IRMÃOS
IPHONE 13,3700.0,FORTALEZA MEIRELES
IPHONE 13,3799.0,FORTALEZA ALDEOTA
IPHONE XS MAX,3800.0,FORTALEZA PAPICU
IPHONE 11 PRO MAX,3800.0,FORTALEZA MEIRELES
IPHONE 13,3800.0,FORTALEZA CANINDEZINHO
IPHONE 12 PRO MAX,3800.0,FORTALEZA CARLITO PAMPLONA
IPHONE 13,3800.0,FORTALEZA BONSUCESSO
IPHONE 13,3800.0,FORTALEZA ALDEOTA
IPHONE 11 PRO MAX,3800.0,FORTALEZA PLANALTO AYRTON SENNA
IPHONE 12,3800.0,FORTALEZA PARQUE DOIS IRMÃOS
IPHONE 13,3850.0,FORTALEZA FARIAS BRITO
IPHONE 13,3899.0,FORTALEZA PAPICU
IPHONE 12 PRO MAX,3900.0,FORTALEZA SERRINHA
IPHONE 13,3900.0,CAUCAIA
IPHONE 12,3900.0,CASCAVEL
IPHONE 12,3950.0,FORTALEZA ELLERY
IPHONE 13,3980.0,FORTALEZA JACARECANGA
IPHONE 12 PRO MAX,3990.0,FORTALEZA JANGURUSSU
IPHONE 13,3990.0,FORTALEZA DOM LUSTOSA
IPHONE 12 PRO MAX,3999.0,FORTALEZA VILA PERI
IPHONE 12 PRO,3999.0,FORTALEZA PARQUE IRACEMA
IPHONE 13,3999.0,FORTALEZA JOAQUIM TÁVORA
IPHONE 12 PRO,3999.0,FORTALEZA PARQUE IRACEMA
IPHONE 11 PRO MAX,3999.0,MARACANAÚ LUZARDO VIANA
IPHONE 13,3999.0,FORTALEZA PADRE ANDRADE
IPHONE 13,3999.0,FORTALEZA AEROPORTO
IPHONE 13,4000.0,FORTALEZA ANTÔNIO BEZERRA
IPHONE 13,4000.0,EUSÉBIO JABUTI
IPHONE 13 PRO MAX,4000.0,PACATUBA SENADOR CARLOS JEREISSATI
IPHONE 13,4000.0,FORTALEZA VICENTE PINZON
IPHONE 13,4000.0,FORTALEZA PANAMERICANO
IPHONE 12 PRO,4000.0,FORTALEZA JANGURUSSU
IPHONE 12 PRO,4000.0,FORTALEZA DENDÊ
IPHONE 13 MINI,4000.0,CAUCAIA PADRE ROMUALDO
IPHONE 13,4000.0,FORTALEZA JACARECANGA
IPHONE 13,4000.0,MARACANAÚ TIMBÓ
IPHONE 12,4000.0,MARANGUAPE CÔNEGO RAIMUNDO PINTO
IPHONE 11 PRO MAX,4000.0,FORTALEZA HENRIQUE JORGE
IPHONE 12 PRO,4050.0,FORTALEZA CENTRO
IPHONE 12 PRO MAX,4099.0,FORTALEZA RODOLFO TEÓFILO
IPHONE 12 PRO MAX,4100.0,FORTALEZA FLORESTA
IPHONE 12 PRO,4100.0,FORTALEZA ALDEOTA
IPHONE 13,4150.0,FORTALEZA CENTRO
IPHONE 12 PRO MAX,4199.0,FORTALEZA PAPICU
IPHONE 12 PRO,4199.0,FORTALEZA MEIRELES
IPHONE 12 PRO MAX,4200.0,FORTALEZA VICENTE PINZON
IPHONE 13,4200.0,CANINDÉ
IPHONE 13,4200.0,FORTALEZA JARDIM DAS OLIVEIRAS
IPHONE 12 PRO MAX,4200.0,FORTALEZA FLORESTA
IPHONE 12 PRO MAX,4200.0,CAUCAIA PARQUE GUADALAJARA (JUREMA)
IPHONE 13,4200.0,MARACANAÚ
IPHONE 13,4200.0,CANINDÉ
IPHONE 13 MINI,4200.0,FORTALEZA MESSEJANA
IPHONE 12 PRO,4200.0,FORTALEZA PARQUE ARAXÁ
IPHONE 12,4200.0,CAUCAIA PARQUE GUADALAJARA (JUREMA)
IPHONE 12 PRO MAX,4250.0,CAUCAIA ARATURI (JUREMA)
IPHONE 12 PRO,4250.0,FORTALEZA CAJAZEIRAS
IPHONE 13,4299.0,PARACURU
IPHONE 12 PRO MAX,4299.0,FORTALEZA JÓQUEI CLUBE
IPHONE 12 PRO MAX,4300.0,FORTALEZA MONDUBIM
IPHONE 12 PRO,4300.0,MARACANAÚ PAJUÇARA
IPHONE 13,4300.0,MARACANAÚ NOVO ORIENTE
IPHONE 12 PRO MAX,4300.0,FORTALEZA AMADEU FURTADO
IPHONE 12 PRO MAX,4300.0,FORTALEZA BOA VISTA-CASTELÃO
IPHONE 12 PRO,4350.0,FORTALEZA ALDEOTA
IPHONE 12 PRO MAX,4350.0,FORTALEZA JACARECANGA
IPHONE 12 PRO MAX,4350.0,FORTALEZA AMADEU FURTADO
IPHONE 12 PRO MAX,4399.0,FORTALEZA CIDADE 2000
IPHONE 13,4399.0,EUSÉBIO TAMATANDUBA
IPHONE 12 PRO MAX,4400.0,FORTALEZA JÓQUEI CLUBE
IPHONE 13,4400.0,FORTALEZA ALDEOTA
IPHONE 12 PRO MAX,4400.0,FORTALEZA JÓQUEI CLUBE
IPHONE 12 PRO MAX,4400.0,FORTALEZA MEIRELES
IPHONE 12 PRO MAX,4449.0,FORTALEZA JARDIM DAS OLIVEIRAS
IPHONE 12 PRO,4499.0,FORTALEZA JOSÉ BONIFÁCIO
IPHONE 12 PRO MAX,4499.0,FORTALEZA MESSEJANA
IPHONE 12 PRO MAX,4499.0,MARACANAÚ CENTRO
IPHONE 13,4499.0,FORTALEZA COCÓ
IPHONE 12 PRO MAX,4499.0,FORTALEZA PAPICU
IPHONE 12 PRO MAX,4499.0,MARACANAÚ CENTRO
IPHONE 12 PRÓ MAX 256GB ( IMPECÁVEL ),4500.0,FORTALEZA MONTESE
IPHONE 12 PRO MAX,4500.0,EUSÉBIO CIDADE ALPHA
IPHONE ,4500.0,FORTALEZA GRANJA LISBOA
IPHONE 12,4500.0,FORTALEZA CENTRO
IPHONE 12 PRO MAX,4500.0,FORTALEZA GRANJA LISBOA
IPHONE 12 PRO MAX,4500.0,FORTALEZA MONTE CASTELO
IPHONE 12 PRO MAX,4500.0,FORTALEZA COAÇU
IPHONE 13,4500.0,FORTALEZA JARDIM AMÉRICA
IPHONE 12 PRO MAX,4500.0,FORTALEZA JANGURUSSU
IPHONE 12 PRO MAX,4500.0,FORTALEZA TAUAPE
IPHONE 12 PRO MAX,4500.0,FORTALEZA MEIRELES
IPHONE 12 PRO MAX,4549.0,FORTALEZA AEROLÂNDIA
IPHONE 13 PRO,4550.0,FORTALEZA JOSÉ DE ALENCAR
IPHONE 13 PRO,4550.0,FORTALEZA JOSÉ DE ALENCAR
IPHONE 12 PRO MAX,4599.0,MARACANAÚ CENTRO
IPHONE 12 PRO MAX,4599.0,FORTALEZA CIDADE 2000
IPHONE 12 PRO MAX,4599.0,FORTALEZA EDSON QUEIROZ
IPHONE 12 PRO MAX,4599.0,MARACANAÚ LUZARDO VIANA
IPHONE 12 PRO MAX,4599.0,MARACANAÚ LUZARDO VIANA
IPHONE 12 PRO MAX,4599.0,MARACANAÚ CENTRO
IPHONE 12 PRO MAX,4599.0,CAUCAIA PACHECO
IPHONE 12 PRO MAX,4599.0,MARACANAÚ CENTRO
IPHONE 13,4600.0,FORTALEZA CIDADE 2000
IPHONE 14,4600.0,FORTALEZA MARAPONGA
IPHONE 13 PRO,4700.0,FORTALEZA ALDEOTA
IPHONE 13,4700.0,FORTALEZA PIRAMBU
IPHONE 12 PRO MAX,4800.0,FORTALEZA GRANJA LISBOA
IPHONE 13,4800.0,FORTALEZA VICENTE PINZON
IPHONE 13 PRO,4800.0,FORTALEZA ELLERY
IPHONE 12 PRO MAX,4899.0,FORTALEZA DIONISIO TORRES
IPHONE ,4900.0,FORTALEZA GRANJA LISBOA
IPHONE 12 PRO MAX,4999.0,FORTALEZA PARANGABA
IPHONE 12 PRO MAX,5000.0,FORTALEZA ANTÔNIO BEZERRA
IPHONE 12 PRO MAX,5000.0,ACARAPE
IPHONE XS MAX,5000.0,CAUCAIA SÃO MIGUEL (JUREMA)
IPHONE 13 PRO MAX,5000.0,FORTALEZA PADRE ANDRADE
IPHONE 13,5000.0,FORTALEZA ALDEOTA
IPHONE 13 PRO MAX,5000.0,FORTALEZA MEIRELES
IPHONE 13,5000.0,FORTALEZA HENRIQUE JORGE
IPHONE 13 PRO MAX,5100.0,FORTALEZA MESSEJANA
IPHONE 12 PRO MAX,5100.0,FORTALEZA CONJUNTO CEARÁ II
IPHONE 13 PRO MAX,5100.0,FORTALEZA FLORESTA
IPHONE 13 PRO,5100.0,FORTALEZA FÁTIMA
IPHONE 13 PRO MAX,5100.0,FORTALEZA CONJUNTO CEARÁ II
IPHONE 13,5150.0,PACATUBA SENADOR CARLOS JEREISSATI
IPHONE 13 PRO MAX,5150.0,FORTALEZA PADRE ANDRADE
IPHONE 13 PRO MAX,5150.0,FORTALEZA PASSARÉ
IPHONE 13 PRO,5199.0,FORTALEZA COCÓ
IPHONE 13 PRO,5199.0,FORTALEZA COCÓ
IPHONE 13 PRO MAX,5200.0,FORTALEZA COCÓ
IPHONE 14 MINI,5250.0,FORTALEZA ALDEOTA
IPHONE 13 PRO,5299.0,FORTALEZA EDSON QUEIROZ
IPHONE 13 PRO,5299.0,CAUCAIA PARQUE GUADALAJARA (JUREMA)
IPHONE 13 PRO MAX,5300.0,FORTALEZA FLORESTA
IPHONE 13 PRO MAX,5499.0,FORTALEZA MEIRELES
IPHONE 13 PRO MAX,5499.0,FORTALEZA MEIRELES
IPHONE 13 PRO MAX,5500.0,FORTALEZA VARJOTA
IPHONE 13 PRO MAX,5500.0,FORTALEZA JÓQUEI CLUBE
IPHONE 13 PRO MAX,5500.0,FORTALEZA MEIRELES
IPHONE 13 PRO MAX,5500.0,FORTALEZA RODOLFO TEÓFILO
IPHONE 13 PRO,5500.0,FORTALEZA ENGENHEIRO LUCIANO CAVALCANTE
IPHONE 13 PRO MAX,5500.0,FORTALEZA CAIS DO PORTO
IPHONE 13,5500.0,FORTALEZA MEIRELES
IPHONE 13 PRO MAX,5599.0,FORTALEZA PAPICU
IPHONE 13 PRO MAX,5600.0,CAUCAIA PLANALTO CAUCAIA
IPHONE 12 PRO MAX,5600.0,FORTALEZA DENDÊ
IPHONE 13 PRO MAX,5600.0,FORTALEZA CONJUNTO PALMEIRAS
IPHONE 13 PRO MAX,5699.0,FORTALEZA PAPICU
IPHONE 13 PRO MAX,5699.0,FORTALEZA MEIRELES
IPHONE 13 PRO,5700.0,FORTALEZA JOSÉ BONIFÁCIO
IPHONE 14 PRO,5700.0,FORTALEZA ENGENHEIRO LUCIANO CAVALCANTE
IPHONE 12 PRO MAX,5750.0,FORTALEZA PARANGABA
IPHONE 13 PRO MAX,5799.0,FORTALEZA EDSON QUEIROZ
IPHONE 13 PRO MAX,5800.0,MARANGUAPE GUABIRABA
IPHONE 13 PRO MAX,5800.0,FORTALEZA JACARECANGA
IPHONE 13 PRO MAX,5800.0,FORTALEZA ALDEOTA
IPHONE 13 PRO MAX,5800.0,FORTALEZA AEROLÂNDIA
IPHONE 13 PRO MAX,5800.0,FORTALEZA RODOLFO TEÓFILO
IPHONE 13 PRO,5800.0,CAUCAIA CUMBUCO
IPHONE 13 PRO MAX,5800.0,FORTALEZA VILA VELHA
IPHONE 13 PRO MAX,5850.0,FORTALEZA MESSEJANA
IPHONE 13 PRO,5850.0,EUSÉBIO COAÇU
IPHONE 13 PRO MAX,5890.0,FORTALEZA MEIRELES
IPHONE 14 PRO,5890.0,FORTALEZA DE LOURDES
IPHONE 13 PRO MAX,5950.0,FORTALEZA ALDEOTA
IPHONE 13 PRO MAX,5950.0,FORTALEZA CIDADE 2000
IPHONE 12 PRO MAX,5999.0,FORTALEZA JOSÉ BONIFÁCIO
IPHONE 13 PRO MAX,5999.0,FORTALEZA JOAQUIM TÁVORA
IPHONE 13 PRO MAX,6000.0,FORTALEZA VARJOTA
IPHONE 13 PRO MAX,6000.0,FORTALEZA JÓQUEI CLUBE
IPHONE 12 PRO MAX,6000.0,FORTALEZA EDSON QUEIROZ
IPHONE 13 PRO MAX,6000.0,FORTALEZA RODOLFO TEÓFILO
IPHONE 13 PRO,6000.0,MARACANAÚ TIMBÓ
IPHONE 13 PRO MAX,6200.0,FORTALEZA ANTÔNIO BEZERRA
IPHONE 13 PRO MAX,6250.0,FORTALEZA MEIRELES
IPHONE 13 PRO MAX,6290.0,FORTALEZA ALDEOTA
IPHONE 14 PRO,6299.0,FORTALEZA TAUAPE
IPHONE 14 PRO,6299.0,FORTALEZA TAUAPE
IPHONE 14 PRO MAX,6450.0,MARACANAÚ NOVO MARACANAÚ
IPHONE 14 PRO,6499.0,CAUCAIA TABAPUÁ
IPHONE 14 PRO MAX,6499.0,FORTALEZA PAPICU
IPHONE 13 PRO MAX,6500.0,FORTALEZA TAUAPE
IPHONE 13 PRO MAX,6500.0,FORTALEZA DIONISIO TORRES
IPHONE 13 PRO MAX,6800.0,FORTALEZA COCÓ
IPHONE 14 PRO MAX,6900.0,FORTALEZA MARAPONGA
IPHONE 14 PRO MAX,6999.0,MARANGUAPE CENTRO
IPHONE 14 PRO MAX,7190.0,FORTALEZA ITAPERI
IPHONE 14 PRO MAX,7200.0,FORTALEZA SAPIRANGA-COITÉ
IPHONE 14 PRO MAX,7399.0,FORTALEZA MEIRELES
IPHONE 13 PRO MAX,7500.0,FORTALEZA PARQUE PRESIDENTE VARGAS
IPHONE 14 PRO MAX,7500.0,FORTALEZA MANOEL SÁTIRO
IPHONE 14 PRO MAX,7500.0,FORTALEZA MUCURIPE
IPHONE 13 PRO,7500.0,MARACANAÚ PAJUÇARA
