ano,musica,tipo
1963,Abilene,Country/Bluegrass
1961,Above And Beyond (The Call Of Love),Country/Bluegrass
1939,AC/DC Current,Jazz
1975,Acadian Driftwood,Folk/Roots
1944,Ac-Cent-Tchu-Ate The Positive,Swing
1993,Accident In Paradise An,Dance/Electronica
1980,Ace Of Spades,Rock/Pop
1986,Acid Tracks,Dance/Electronica
1991,Acperience,Dance/Electronica
1995,Acquiesce,Rock/Pop
1968,Across The Universe,Rock/Pop
1963,Act Naturally,Country/Bluegrass
1998,Action Satisfaction,Hip-Hop
1985,Addicted To Love,R & B/Soul
1982,Adventures Of Grandmaster Flash On The Wheels Of Steel The,Hip-Hop
1975,Africa,Reggae
1994,Afro Puffs,Hip-Hop
1940,After Hours,Blues
1969,After Hours,Rock/Pop
1965,After Midnight,Rock/Pop
1970,After The Gold Rush,Rock/Pop
1918,After You've Gone,Blues
1993,Aftermath,Dance/Electronica
1984,Against All Odds (Take A Look At Me Now),Rock/Pop
1959,Agua De Beber (Water To Drink),Jazz
1910,Ah! Sweet Mystery Of Life,Musical/Film
1996,Ahead By A Century,Rock/Pop
1955,Ain't It A Shame (aka Ain't That A Shame),R & B/Soul
1978,Ain't Life A Brook,Folk/Roots
1929,Ain't Misbehavin',Jazz
1988,Ain't No Cure For Love,Rock/Pop
1988,Ain't No Half Steppin',Hip-Hop
1967,Ain't No Mountain High Enough,R & B/Soul
1971,Ain't No Sunshine (When She's Gone),R & B/Soul
1984,Ain't Nobody,R & B/Soul
1947,Ain't Nobody Here But Us Chickens,Jazz
1986,Ain't Nothin' Goin On But The Rent,R & B/Soul
1927,Ain't She Sweet,Jazz
1978,Ain't Talkin' 'Bout Love,Rock/Pop
1945,Ain't That Just Like A Woman,Blues
1993,Ain't That Lonely Yet,Country/Bluegrass
1965,Ain't That Peculiar,R & B/Soul
1966,Ain't Too Proud To Beg,R & B/Soul
1920,Ain't We Got Fun,Musical/Film
1999,Air,Dance/Electronica
1940,Air Mail Special,Swing
1964,Al Capone,Reggae
1972,Alabama,Rock/Pop
1915,Alabama Jubilee,Musical/Film
1928,Alabama Song (Whisky Bar),Musical/Film
1925,Alabamy Bound,Musical/Film
1971,Albert Flasher,Rock/Pop
1983,Alberta's Child,Country/Bluegrass
1911,Alexander's Ragtime Band,Jazz
1966,Alfie,Musical/Film
1919,Alice Blue Gown,Musical/Film
1967,Alice's Restaurant Massacree,Folk/Roots
1974,Alifib/Alfie,Rock/Pop
1977,Alison,Rock/Pop
1991,Alive,Rock/Pop
1924,All Alone,Musical/Film
1968,All Along The Watchtower,Rock/Pop
1993,All Apologies,Rock/Pop
1977,All Around The World,Rock/Pop
1989,All Around The World,R & B/Soul
1955,All Around The World (aka Grits Ain't Groceries),R & B/Soul
1959,All Blues,Jazz
1976,All By Myself,Rock/Pop
1964,All Day And All Of The Night,Rock/Pop
1934,All I Do Is Dream Of You,Musical/Film
1971,All I Have Is Love,Reggae
1958,All I Have To Do Is Dream,Country/Bluegrass
1964,All I Really Want To Do,Folk/Roots
1993,All I Wanna Do,Rock/Pop
1971,All I Want,Rock/Pop
1986,All My Ex's Live In Texas,Country/Bluegrass
1949,All Night Long,Blues
1931,All Of Me,Jazz
1940,All Or Nothing At All,Jazz
1970,All Right Now,Rock/Pop
1957,All Shook Up,Rock/Pop
1999,All That I Can Say,R & B/Soul
1991,All The Best,Folk/Roots
1979,All The Gold In California,Country/Bluegrass
1975,All The Lovely Ladies,Folk/Roots
1939,All The Things You Are,Jazz
1957,All The Way,Jazz
1972,All The Young Dudes,Rock/Pop
1979,All Things Dull And Ugly,Musical/Film
1967,All Tomorrow's Parties,Rock/Pop
1967,All You Need Is Love,Rock/Pop
1957,All Your Love,Blues
1957,All Your Love (I Miss Loving),Blues
1972,Almost Independence Day,R & B/Soul
1966,Almost Persuaded,Country/Bluegrass
1951,Alone And Forsaken,Country/Bluegrass
1954,Along Came Betty,Jazz
1995,Alright,Rock/Pop
1955,Alright Okay You Win,Jazz
1925,Always,Jazz
1995,Always Be My Baby,R & B/Soul
1950,Always Late (With Your Kisses),Country/Bluegrass
1979,Always Look On The Bright Side Of Life,Musical/Film
1971,Always On My Mind,Country/Bluegrass
1993,Always Say Goodbye,Jazz
1964,Always Something There To Remind Me,Rock/Pop
1929,Am I Blue?,Jazz
1973,Amanda,Country/Bluegrass
1972,Amarillo By Morning,Country/Bluegrass
1976,Amelia,Rock/Pop
1968,America,Folk/Roots
1986,America Without Tears,Rock/Pop
1976,American Girl,Rock/Pop
1929,American In Paris An,Jazz
1971,American Pie,Rock/Pop
1973,American Tune,Rock/Pop
1970,American Woman,Rock/Pop
1990,AmeriKKKa's Most Wanted,Hip-Hop
1927,Among My Souvenirs,Musical/Film
1967,Amsterdam,Musical/Film
1977,Anarchy In The UK,Rock/Pop
1992,Anasthasia,Dance/Electronica
1988,Anchorage,Folk/Roots
1906,Anchors Aweigh,Musical/Film
1975,And All That Jazz,Musical/Film
1943,And Her Tears Flowed Like Wine,Swing
1994,And If Venice Is Sinking,Folk/Roots
1945,And The Angels Swing,Jazz
1976,And The Band Played Waltzing Matilda,Folk/Roots
1912,And The Green Grass Grew All Around,Musical/Film
1966,And When I Die,Rock/Pop
1984,Androgynous,Rock/Pop
1997,Angel,Rock/Pop
1953,Angel Eyes,Jazz
1980,Angel Flying Too Close To The Ground,Country/Bluegrass
1971,Angel From Montgomery,Folk/Roots
1998,Angel In Manhattan,Folk/Roots
1952,Angel Of Death The,Gospel
1967,Angel Of The Morning,Country/Bluegrass
1997,Angels,Rock/Pop
1963,Angi,Folk/Roots
1973,Angie,Rock/Pop
1946,Anniversary Song The,Musical/Film
1993,Anniversary Song The,Rock/Pop
1979,Another Brick In The Wall (Part 2),Rock/Pop
1980,Another One Bites The Dust,Dance/Electronica
1993,Another Sad Love Song,R & B/Soul
1963,Another Saturday Night,R & B/Soul
1999,Another World,Dance/Electronica
1954,Answer Me My Love,Jazz
1997,Answering Machine,Dance/Electronica
1992,Anthem,Rock/Pop
1945,Anthropology,Jazz
1932,Any Old Time,Country/Bluegrass
1937,Any Old Time,Jazz
1946,Any Place I Hang My Hat Is Home,Musical/Film
1948,Any Time,Musical/Film
1964,Anyone Who Had A Heart,R & B/Soul
1934,Anything Goes,Jazz
1946,Anything You Can Do,Musical/Film
1960,Apache,Rock/Pop
1982,Apache,Hip-Hop
1997,Appletree,R & B/Soul
1998,April Fools,Rock/Pop
1932,April In Paris,Jazz
1927,April Kisses,Jazz
1921,April Showers,Musical/Film
1978,Aqua Boogie (A Psychoalphadisco-betabioaquadoloop),R & B/Soul
1968,Aquarius,Musical/Film
1998,Aquemini,Hip-Hop
1993,Are You Gonna Go My Way?,Rock/Pop
1925,Are You Lonesome Tonight?,Musical/Film
1927,Arkansas Road Blues,Blues
1997,Around The World,Dance/Electronica
1941,Artistry In Rhythm,Swing
1989,As Soon As I Find My Shoes I'm Gone,Folk/Roots
1966,As Tears Go By,Rock/Pop
1999,As The World Turns,Hip-Hop
1967,As The Years Go Passing By,Blues
1931,As Time Goes By,Musical/Film
1996,Ascension (Don't Ever Wonder),R & B/Soul
1976,Ask The Angels,Rock/Pop
1968,Astral Weeks,R & B/Soul
1967,Astronomy Domine,Rock/Pop
1942,At Last,Jazz
1993,At Les,Dance/Electronica
1975,At Seventeen,Rock/Pop
1970,At The Chime Of A City Clock,Folk/Roots
1938,A-Tisket A-Tasket,Jazz
1982,Atomic Dog,R & B/Soul
1997,Atomic Moog,Dance/Electronica
1972,Attica Blues,Jazz
1956,Auctioneer The,Country/Bluegrass
1915,Auf Wiedersehn,Musical/Film
1997,Aural Prostitution,Dance/Electronica
1974,Autobahn,Dance/Electronica
1934,Autumn In New York,Jazz
1950,Autumn Leaves,Jazz
1920,Avalon,Jazz
1982,Avalon,Rock/Pop
1929,Avalon Blues,Blues
1998,Avon,Rock/Pop
1993,Award Tour,Hip-Hop
1928,Away Down In The Alley Blues,Blues
1955,Ay-te Te Fee,Folk/Roots
1971,Baba O'Riley,Rock/Pop
1927,Babbitt And The Bromide The,Musical/Film
1969,Babe I'm Gonna Leave You,Rock/Pop
1926,Baby Face,Musical/Film
1992,Baby Got Back,Hip-Hop
1964,Baby I Need Your Loving,R & B/Soul
1965,Baby I'm Yours,R & B/Soul
1964,Baby Love,R & B/Soul
1995,Baby Luv,Dance/Electronica
1935,Baby Please Don't Go,Blues
1985,Baby Wants To Ride,Dance/Electronica
1951,Baby What You Want Me To Do,Blues
1949,Baby It's Cold Outside,Jazz
1930,Baby Let Me Follow You Down,Blues
1965,Baby Scratch My Back,Blues
1999,Babylon,Rock/Pop
1991,Babylon Burning,Reggae
1975,Babylon Falling,Reggae
1960,Back At The Chicken Shack,Blues
1961,Back Door Man,Blues
1995,Back For Good,Rock/Pop
1917,Back Home Again In Indiana,Jazz
1980,Back In Black,Rock/Pop
1939,Back In The Saddle Again,Country/Bluegrass
1968,Back In The U. S. S. R.,Rock/Pop
1982,Back On The Chain Gang,Rock/Pop
1972,Back Stabbers The,R & B/Soul
1998,Back That Azz Up,Hip-Hop
1989,Back To Life,Dance/Electronica
1925,Backwater Blues,Blues
1987,Bad Boys,Reggae
1979,Bad Girls,Dance/Electronica
1926,Bad Luck Blues,Blues
1969,Bad Moon Rising,Rock/Pop
1982,Bad To The Bone,Blues
1973,Bad Bad Leroy Brown,Rock/Pop
1949,Bali Ha'i,Musical/Film
1961,Ball And Chain,Blues
1958,Ballad Of A Teenage Queen,Country/Bluegrass
1965,Ballad Of A Thin Man,Rock/Pop
1967,Ballad Of Bonnie And Clyde The,Musical/Film
1955,Ballad Of Davy Crockett The,Country/Bluegrass
1972,Ballad Of El Goodo The,Rock/Pop
1963,Ballad Of Hollis Brown The,Blues
1962,Ballad Of Ira Hayes The,Country/Bluegrass
1973,Ballad Of Lucy Jordan The,Rock/Pop
1958,Ballad Of Paladin The,Country/Bluegrass
1991,Ballad Of Peter Pumpkinhead,Rock/Pop
1978,Ballad Of Sweeney Todd The,Musical/Film
1960,Ballad Of The Alamo,Country/Bluegrass
1957,Ballad Of Thunder Road,Country/Bluegrass
1968,Ballerina,R & B/Soul
1913,Ballin' The Jack,Musical/Film
1921,Baltimore Buzz,Musical/Film
1956,Banana Boat Song The (Day-O),Folk/Roots
1998,Bananas (Who You Gonna Call?),Hip-Hop
1970,Band Of Gold,R & B/Soul
1997,Barbie Girl,Dance/Electronica
1976,Barrett's Privateers,Folk/Roots
1928,Basin Street Blues,Blues
1994,Basket Case,Rock/Pop
1984,Basketball,Hip-Hop
1966,Batman Theme,Musical/Film
1991,Batonga,Dance/Electronica
1957,Battle Of New Orleans,Country/Bluegrass
1953,Baubles Bangles And Beads,Jazz
1998,Bawitdaba,Rock/Pop
1986,Bay City,Jazz
1960,Be Careful With A Fool,Blues
1984,Be In My Video,Rock/Pop
1963,Be My Baby,R & B/Soul
1950,Be My Love,Musical/Film
1990,Be My Yoko Ono,Rock/Pop
1999,Be There,Dance/Electronica
1996,Beads,Jazz
1916,Beale Street Blues,Blues
1944,Bean And The Boys,Jazz
1978,Beast Of Burden,R & B/Soul
1982,Beat It,R & B/Soul
1940,Beat Me Daddy (Eight To The Bar),Swing
1996,Beats And Pieces,Dance/Electronica
1918,Beautiful Ohio,Musical/Film
1998,Beautiful Skin,Hip-Hop
1960,Beauty Is A Rare Thing,Jazz
1998,Beauty Mark,Rock/Pop
1945,Bebop,Jazz
1956,Be-bop-a-lula,Rock/Pop
1978,Because The Night,Rock/Pop
1951,Because You're Mine,Musical/Film
1903,Bedelia,Musical/Film
1987,Beds Are Burning,Rock/Pop
1990,Been Caught Stealing,Rock/Pop
1996,Been There Done That,Hip-Hop
1939,Beer Barrel Polka,Folk/Roots
1997,Beetlebum,Rock/Pop
1967,Before The Next Teardrop Falls,Country/Bluegrass
1935,Begin The Beguine,Jazz
1973,Behind Closed Doors,Country/Bluegrass
1937,Bei Mir Bist Du Schon,Swing
1971,Being Green,Jazz
1999,Belfunk,Dance/Electronica
1981,Bellhead,Dance/Electronica
1980,Bellybowl,Folk/Roots
1997,Bentley's Gonna Sort You Out,Dance/Electronica
1952,Bernie's Tune,Jazz
1941,Besame Mucho,Jazz
1968,Beside You,R & B/Soul
1964,Bessie's Blues,Jazz
1977,Best Of My Love,R & B/Soul
1927,Best Things In Life Are Free The,Musical/Film
1981,Bette Davis Eyes,Rock/Pop
1959,Better Get Hit In Yo' Soul,Jazz
1941,Bewitched (Bothered And Bewildered),Jazz
1930,Beyond The Blue Horizon,Musical/Film
1947,Beyond The Sea,Jazz
1978,Big Black Car,Rock/Pop
1960,Big Boss Man,Blues
1995,Big City Blues,Blues
1994,Big City Woman,Blues
1988,Big Fun,Dance/Electronica
1962,Big Girls Don't Cry,Rock/Pop
1999,Big Hat No Cattle,Country/Bluegrass
1959,Big Iron,Country/Bluegrass
1966,Big Joe Mufferaw,Country/Bluegrass
1996,Big Momma Thang,Hip-Hop
1991,Big Ol' Goofy World,Folk/Roots
1999,Big Pimpin',Hip-Hop
1994,Big Poppa,Hip-Hop
1956,Big River,Country/Bluegrass
1928,Big Road Blues,Blues
1928,Big Rock Candy Mountain,Folk/Roots
1981,Big Ship,Reggae
1965,Big Spender,Jazz
1999,Big Three Killed My Baby,Rock/Pop
1993,Big Time Sensuality,Dance/Electronica
1970,Big Yellow Taxi,Rock/Pop
1967,Bike,Rock/Pop
1980,Biko,Rock/Pop
1949,Bilbao Song The,Jazz
1927,Bill,Musical/Film
1902,Bill Bailey Won't You Please Come Home,Jazz
1982,Billie Jean,R & B/Soul
1936,Billie's Blues,Blues
1999,Bills Bills Bills,R & B/Soul
1966,Billy Bayou,Country/Bluegrass
1900,Bird In A Gilded Cage A,Musical/Film
1944,Bird Of Paradise,Jazz
1968,Bird On The Wire (aka Bird On A Wire),Folk/Roots
1990,Birdhouse In Your Soul,Rock/Pop
1971,Birdland,Jazz
1926,Birth Of The Blues The,Blues
1969,Bitches Brew,Jazz
1997,Bittersweet Symphony,Rock/Pop
1986,Bizarre Love Triangle,Dance/Electronica
1929,Black And Blue,Jazz
1967,Black And Crazy Blues,Jazz
1926,Black Bottom Stomp,Jazz
1985,Black Codes (From The Underground),Jazz
1948,Black Coffee,Jazz
1976,Black Crow,Rock/Pop
1971,Black Dog,Rock/Pop
1994,Black Ego,Hip-Hop
1949,Black Fly Song The,Folk/Roots
1994,Black Hole Sun,Rock/Pop
1998,Black Ice,Hip-Hop
1968,Black Magic Woman,Blues
1973,Black Man Time,Reggae
1976,Black Napkins,Rock/Pop
1951,Black Night,Blues
1956,Black Orchid,Jazz
1926,Black Snake Moan,Blues
1995,Black Steel,Dance/Electronica
1988,Black Steel In The Hour Of Chaos,Hip-Hop
1989,Black Velvet,Rock/Pop
1969,Blackbird,Rock/Pop
1934,Blame It On My Youth,Jazz
1999,Bleckentrommel,Dance/Electronica
1995,Blessed,Reggae
1973,Blinded By The Light,Rock/Pop
1999,Bling Bling,Hip-Hop
1983,Blister In The Sun,Rock/Pop
1976,Blitzkrieg Bop,Rock/Pop
1997,Block Rockin' Beats,Dance/Electronica
1930,Blood On The Saddle,Country/Bluegrass
1989,Blow At High Dough,Rock/Pop
1934,Blow Gabriel Blow,Jazz
1987,Blow Wind Blow,Jazz
1962,Blowin' In The Wind,Folk/Roots
1959,Blowin' The Blues Away,Jazz
1971,Blue,Rock/Pop
1996,Blue,Country/Bluegrass
1963,Blue Bayou,Rock/Pop
1945,Blue Eyes Crying In The Rain,Country/Bluegrass
1995,Blue Fear,Dance/Electronica
1996,Blue Flowers,Hip-Hop
1927,Blue Ghost Blues,Blues
1937,Blue Hawaii,Musical/Film
1959,Blue In Green,Jazz
1991,Blue Lines,Dance/Electronica
1983,Blue Monday,Dance/Electronica
1954,Blue Monk,Jazz
1934,Blue Moon,Jazz
1947,Blue Moon Of Kentucky,Country/Bluegrass
1972,Blue River,Folk/Roots
1959,Blue Rondo A La Turk,Jazz
1992,Blue Room,Dance/Electronica
1926,Blue Room The,Musical/Film
1956,Blue Seven (Blue 7),Jazz
1948,Blue Shadows On The Trail,Country/Bluegrass
1927,Blue Skies,Jazz
1955,Blue Suede Shoes,Rock/Pop
1957,Blue Trane,Jazz
1977,Blue Valentines,Jazz
1940,Blueberry Hill,R & B/Soul
1941,Bluegrass Breakdown,Country/Bluegrass
1930,Blues Before Sunrise,Blues
1960,Blues Connotation,Jazz
1965,Blues Etude,Jazz
1989,Blues From A Gun,Rock/Pop
1941,Blues In The Night,Jazz
1958,Blues March,Jazz
1967,Blues On The Corner,Jazz
1987,Blues Palace,Folk/Roots
1990,Blues The,R & B/Soul
1955,Bo Diddley,Rock/Pop
1924,Bo' Weevil Blues,Blues
1962,Boa Constrictor,Folk/Roots
1993,Bob,Rock/Pop
1930,Body And Soul,Jazz
1991,Bohemia,Folk/Roots
1919,Bohemia Rag,Ragtime
1975,Bohemian Rhapsody,Rock/Pop
1929,Bolero,Classical/ Contemporary
1995,Bombshelter Beast,Jazz
1992,Bombtrack,Rock/Pop
1959,Bonanza Theme,Musical/Film
1949,Bonaparte's Retreat,Country/Bluegrass
1988,Bone Machine,Rock/Pop
1988,Bonin' In The Boneyard,Rock/Pop
1990,Bonita Applebum,Hip-Hop
1948,Boogie Chillen,Blues
1977,Boogie Nights,Dance/Electronica
1979,Boogie Wonderland,Dance/Electronica
1941,Boogie Woogie Bugle Boy,Swing
1979,Boogie Woogie Dancin' Shoes,Dance/Electronica
1958,Book Of Love,R & B/Soul
1962,Boom Boom,Blues
1999,Boom Boom,Jazz
1959,Boom Boom Out Goes The Lights,Blues
1995,Boombastic,Reggae
1963,Boots Of Spanish Leather,Folk/Roots
1977,Bop Gun (Endangered Species),R & B/Soul
1977,Bop-Be,Jazz
1949,Boplicity,Jazz
1970,Border Song (Holy Moses),Rock/Pop
1990,Born At The Right Time,Rock/Pop
1965,Born In Chicago,Blues
1984,Born In The USA,Rock/Pop
1969,Born On The Bayou,Blues
1995,Born Slippy,Dance/Electronica
1946,Born To Be Blue,Jazz
1968,Born To Be Wild,Rock/Pop
1943,Born To Lose,Country/Bluegrass
1975,Born To Run,Rock/Pop
1951,Born Under A Bad Sign,Blues
1994,Borough Check,Hip-Hop
1973,Borstal Boys,Rock/Pop
1969,Both Sides Now,Folk/Roots
1998,Bottle Of Blues,Rock/Pop
1975,Boulder To Birmingham,Country/Bluegrass
1933,Boulevard Of Broken Dreams The,Jazz
1992,Bouncer,Dance/Electronica
1947,Bouncing With Bud,Jazz
1947,Bouquet Of Roses,Country/Bluegrass
1937,Bourgeois Blues,Blues
1969,Boxer The,Folk/Roots
1964,Boy From New York City The,R & B/Soul
1986,Boy In The Bubble The,Rock/Pop
1968,Boy Named Sue A,Country/Bluegrass
1984,Boys Of Summer The,Rock/Pop
1987,Boyz-N-The-Hood,Hip-Hop
1990,Brainstorm On The U. D. S.,Rock/Pop
1988,Brand New Funk,Hip-Hop
1991,Brand New Man,Country/Bluegrass
1970,Brand New Tennessee Waltz,Folk/Roots
1979,Brass In Pocket (I'm Special),Rock/Pop
1986,Brass Monkey,Hip-Hop
1996,Braver Newer World,Country/Bluegrass
1942,Brazil,Swing
1967,Break On Through To The Other Side,Rock/Pop
1962,Breaking Up Is Hard To Do,Rock/Pop
1980,Breaks The,Hip-Hop
1958,Breathless,Rock/Pop
1977,Bredda Gravalicious,Reggae
1926,Breezin' Along With The Breeze,Musical/Film
1992,Brenda's Got A Baby,Hip-Hop
1987,Bridge Is Over The,Hip-Hop
1970,Bridge Over Troubled Water,Rock/Pop
1986,Bridge The,Hip-Hop
1961,Bright Lights Big City,Blues
1973,Bright Moments,Jazz
1979,Bright Side Of The Road,R & B/Soul
1956,Brilliant Corners,Jazz
1986,Brilliant Mistake,Rock/Pop
1997,Brimful Of Asha,Dance/Electronica
1995,Bring In Da Noise Bring In Da Funk,Musical/Film
1962,Bring It On Home To Me,R & B/Soul
1987,Bring Me Some Water,Folk/Roots
1988,Bring The Noise,Hip-Hop
1994,Bring The Pain,Hip-Hop
1985,Bring Your Fine Self Home,Blues
1961,Bristol Stomp The,Rock/Pop
1929,Broadway Melody The,Musical/Film
1959,Broken Hearted Melody,Jazz
1994,Brooklyn Took It,Hip-Hop
1995,Brooklyn Zoo,Hip-Hop
1996,Brooklyn's Finest,Hip-Hop
1932,Brother Can You Spare A Dime?,Folk/Roots
1997,Brown Paper Bag,Dance/Electronica
1967,Brown Shoes Don't Make It,Rock/Pop
1997,Brown Skin Lady,Hip-Hop
1971,Brown Sugar,Rock/Pop
1995,Brown Sugar,R & B/Soul
1967,Brown-Eyed Girl,Rock/Pop
1956,Brown-Eyed Handsome Man,Rock/Pop
1933,Brown's Ferry Blues,Country/Bluegrass
1931,Brownsville Blues,Blues
1948,Brush Up Your Shakespeare,Musical/Film
1997,Bud Powell,Jazz
1938,Buddy Bolden's Blues,Jazz
1939,Buffalo Skinners,Folk/Roots
1995,Bug Powder Dust,Dance/Electronica
1961,Bugs Bunny Theme (This Is It!),Musical/Film
1997,Building Tension In 2 Dimensions,Dance/Electronica
1966,Built For Comfort,Blues
1992,Bullet In The Head,Rock/Pop
1929,Bumble Bee Blues,Blues
1964,Bumpin',Jazz
1917,Bungalow In Quogue,Musical/Film
1975,Burn,Folk/Roots
1997,Burn In Hell,Blues
1983,Burning Down The House,Rock/Pop
1999,Busa Rhyme,Hip-Hop
1950,Bushel And A Peck A,Musical/Film
1989,Bust A Move,Hip-Hop
1997,Busy Child,Dance/Electronica
1947,But Beautiful,Jazz
1930,But Not For Me,Jazz
1928,Button Up Your Overcoat,Jazz
1948,Buttons And Bows,Country/Bluegrass
1984,Buy Out The Bar,Reggae
1909,By The Light Of The Silvery Moon,Musical/Film
1967,By The Time I Get To Phoenix,Country/Bluegrass
1998,Bye Bye,R & B/Soul
1926,Bye Bye Blackbird,Jazz
1930,Bye Bye Blues,Jazz
1957,Bye Bye Love,Rock/Pop
1993,C.R.E.A.M.,Hip-Hop
1966,Cabaret,Musical/Film
1940,Cabin In The Sky,Jazz
1945,Caldonia (What Makes Your Big Head So Hard?),Jazz
1971,California,Rock/Pop
1965,California Dreaming,Rock/Pop
1965,California Girls,Rock/Pop
1996,California Love,Hip-Hop
1979,California Uber Alles,Rock/Pop
1924,California Here I Come,Musical/Film
1999,Californication,Rock/Pop
1967,Call Any Vegetable,Rock/Pop
1980,Call Me,Dance/Electronica
1973,Call Me (Come Back Home),R & B/Soul
1963,Call Me Irresponsible,Jazz
1993,Calling All Angels,Folk/Roots
1948,Calling You,Gospel
1986,Calling You,Jazz
1980,Calypso,Jazz
1973,Camarillo Brillo,Rock/Pop
1979,Came So Far For Beauty,Rock/Pop
1960,Camelot,Musical/Film
1984,Can You Feel It,Dance/Electronica
1985,Can Your Pussy Do The Dog?,Rock/Pop
1967,Canadian Railroad Trilogy,Folk/Roots
1956,Canadian Sunset,Jazz
1964,Canadiana Suite,Jazz
1992,Candy Everybody Wants,Rock/Pop
1928,Candy Man Blues,Blues
1928,Canned Heat Blues,Blues
1928,Cannon Ball Blues,Blues
1937,Cannon Ball Blues,Country/Bluegrass
1993,Cannonball,Rock/Pop
1964,Can't Buy Me Love,Rock/Pop
1974,Can't Get Enough Of Your Love Babe,R & B/Soul
1961,Can't Help Falling In Love,Musical/Film
1927,Can't Help Lovin' Dat Man,Jazz
1996,Can't Knock The Hustle,Hip-Hop
1991,Can't Truss It,Hip-Hop
1929,Can't We Be Friends?,Jazz
1964,Cantaloupe Island,Jazz
1989,Cappuccino,Hip-Hop
1976,Car Wash,Dance/Electronica
1998,Car Wheels On A Gravel Road,Folk/Roots
1937,Caravan,Swing
1974,Carefree Highway,Folk/Roots
1921,Careless Love (aka Loveless Love; aka Blues Oh Blues),Blues
1971,Carey,Rock/Pop
1933,Carioca,Jazz
1995,Carnival,Rock/Pop
1986,Carnivalito,Jazz
1922,Carolina In The Morning,Musical/Film
1997,Carrot Juice Is Murder,Folk/Roots
1970,Carry On,Rock/Pop
1999,Carte Blanche,Dance/Electronica
1943,Casbah,Jazz
1971,Case Of You A,Rock/Pop
1900,Casey Jones,Folk/Roots
1914,Castle Walk,Ragtime
1967,Castles Made Of Sand,Rock/Pop
1957,Catch A Falling Star,Musical/Film
1965,Catch The Wind,Rock/Pop
1941,Catfish Blues (aka Rollin' Stone or Rolling Stone),Blues
1992,Cathedral In A Suitcase,Jazz
1979,Catholic Girls,Rock/Pop
1960,Cathy's Clown,Rock/Pop
1974,Cat's In The Cradle,Folk/Roots
1960,Cattle Call,Country/Bluegrass
1970,Cecilia,Rock/Pop
1999,Celebration Suite,Jazz
1995,Cell Therapy,Hip-Hop
1982,Celtic Ray,R & B/Soul
1956,Chain Gang,R & B/Soul
1967,Chain Of Fools,R & B/Soul
1962,Chains,R & B/Soul
1951,Chains Of Love,R & B/Soul
1985,Chair The,Country/Bluegrass
1971,Chameleon,Jazz
1995,Champagne Supernova,Rock/Pop
1995,Champion,Reggae
1993,Chan Chan,Folk/Roots
1963,Change Is Gonna Come A,R & B/Soul
1938,Change Partners,Jazz
1988,Changed The Locks,Folk/Roots
1979,Changeling,Rock/Pop
1966,Changes,Folk/Roots
1971,Changes,Rock/Pop
1995,Changes,Hip-Hop
1972,Chant Down Babylon,Reggae
1958,Chantilly Lace,Rock/Pop
1964,Chapel Of Love,R & B/Soul
1963,Charade,Musical/Film
1981,Chariots Of Fire Theme,Musical/Film
1923,Charleston,Jazz
1959,Charlie Brown,R & B/Soul
1992,Chattahoochee,Country/Bluegrass
1941,Chattanooga Choo Choo,Swing
1949,Chattanoogie Shoe Shine Boy,Jazz
1991,Check The Rhime,Hip-Hop
1935,Cheek To Cheek,Jazz
1962,Cheese Cake,Jazz
1952,Chelsea Bridge,Jazz
1974,Chelsea Hotel #2,Rock/Pop
1969,Chelsea Morning,Folk/Roots
1968,Chest Fever,Rock/Pop
1922,Chicago (That Toddlin' Town),Jazz
1988,Children's Story,Hip-Hop
1963,Chim Chim Cher-ee,Musical/Film
1977,China Girl,Rock/Pop
1969,China Pig,Blues
1977,Chinese Rocks,Rock/Pop
1979,Chiquitita,Dance/Electronica
1988,Chiseled In Stone,Country/Bluegrass
1975,Chocolate City,R & B/Soul
1945,Choo Choo Ch'Boogie,Blues
1995,Christmas At The Zoo,Rock/Pop
1978,Christmas Card From A Hooker In Minneapolis,Jazz
1929,Christopher Robin At Buckingham Palace,Musical/Film
1964,Chug-A-Lug,Country/Bluegrass
1929,Church In The Wildwood,Gospel
1994,Cigarettes And Alcohol,Rock/Pop
1969,Cinnamon Girl,Rock/Pop
1967,Circle Game The,Folk/Roots
1992,Circumstances,Blues
1986,Cities In Dust,Rock/Pop
1991,Citizen Tain,Jazz
1992,City Beat,Jazz
1970,City Of New Orleans,Folk/Roots
1905,Clair De Lune,Classical/ Contemporary
1975,Clang Of The Yankee Reaper,Rock/Pop
1985,Clap Hands,Folk/Roots
1968,Classical Gas,Rock/Pop
1997,Clean Up Man,Hip-Hop
1982,Cleaning Windows,R & B/Soul
1999,Clear Tha Set,Hip-Hop
1917,Cleopatterer,Musical/Film
1914,Climax Rag,Ragtime
1959,Climb Ev'ry Mountain,Musical/Film
1994,Closer,Rock/Pop
1989,Closer To Fine,Folk/Roots
1992,Closing Time,Rock/Pop
1994,Clown,Rock/Pop
1989,C'mon Babe,Hip-Hop
1959,C'mon Everybody,Rock/Pop
1971,Coal Miner's Daughter,Country/Bluegrass
1971,Coat Of Many Colors,Country/Bluegrass
1999,Coattails Of A Dead Man,Rock/Pop
1994,Coax Me,Rock/Pop
1976,Cocaine,Rock/Pop
1977,Cocaine In My Brain,Reggae
1934,Cocktails For Two,Jazz
1999,Coffee & TV,Rock/Pop
1972,Cold Blue Steel And Sweet Fire,Rock/Pop
1987,Cold Cold Ground,Folk/Roots
1969,Cold Duck Time,Jazz
1969,Cold Hands From New York,Folk/Roots
1951,Cold Cold Heart,Country/Bluegrass
1916,Colonel Bogey March,Musical/Film
1988,Colors,Hip-Hop
1991,Come A Long Way,Folk/Roots
1970,Come And Get It,Rock/Pop
1991,Come And Talk To Me,R & B/Soul
1991,Come As You Are,Rock/Pop
1994,Come Baby Come,Hip-Hop
1994,Come Clean,Hip-Hop
1902,Come Down Ma Evenin' Star,Musical/Film
1957,Come Fly With Me,Jazz
1991,Come In From The Cold,Rock/Pop
1910,Come Josephine In My Flying Machine,Musical/Film
1928,Come On Around To My House Mama,Blues
1936,Come On In My Kitchen,Blues
1982,Come On Eileen,Rock/Pop
1958,Come On Let's Go,Rock/Pop
1951,Come On-A My House,Jazz
1966,Come Out,Classical/ Contemporary
1946,Come Rain Or Come Shine,Jazz
1969,Come Saturday Morning,Jazz
1964,Come See About Me,R & B/Soul
1943,Come Sunday,Jazz
1997,Come To Daddy,Dance/Electronica
1993,Come To My Window,Folk/Roots
1969,Come Together,Rock/Pop
1990,Come Together,Dance/Electronica
1939,Comes Love,Jazz
1979,Comfortably Numb,Rock/Pop
1943,Comin' In On A Wing And A Prayer,Musical/Film
1998,Coming From,Hip-Hop
1977,Commando,Rock/Pop
1995,Common People,Rock/Pop
1969,Communication Breakdown,Rock/Pop
1968,Compared To What?,R & B/Soul
1979,Complete Control,Rock/Pop
1965,Components,Jazz
1989,Composition No. 112,Jazz
1998,Composition No. 16 (+101),Jazz
1981,Composition No. 40a,Jazz
1976,Composition No. 40f,Jazz
1978,Computer Game,Dance/Electronica
1949,Conception,Jazz
1965,Concrete And Clay,Rock/Pop
1998,Concrete Schoolyard,Hip-Hop
1983,Confusion,Dance/Electronica
1960,Consider Yourself,Musical/Film
1991,Constant Craving,Rock/Pop
1945,Constellation,Jazz
1979,Consternation,Jazz
1967,Contemplation,Jazz
1934,Continental The,Musical/Film
1991,Convolutions,Hip-Hop
1973,Cook With Honey,Folk/Roots
1946,Cool Blues,Jazz
1979,Cool For Cats,Rock/Pop
1948,Cool Water,Country/Bluegrass
1992,Cop Killa,Rock/Pop
1924,Copenhagen,Jazz
1988,Copperhead Road,Country/Bluegrass
1992,Copyright Royalties,Jazz
1975,Cortez The Killer,Rock/Pop
1971,Cosmic Dancer,Rock/Pop
1929,Cottage For Sale A,Jazz
1935,Cotton Fields,Folk/Roots
1995,Could I Be Your Girl?,Rock/Pop
1972,Could It Be I'm Falling In Love?,R & B/Soul
1959,Countdown,Jazz
1969,Country Preacher,Jazz
1959,Cousin Mary,Jazz
1927,Cow Cow Blues,Blues
1941,Cow Cow Boogie,Jazz
1969,Cowgirl In The Sand,Rock/Pop
1976,Coyote,Rock/Pop
1961,Crazy,Country/Bluegrass
1991,Crazy,Dance/Electronica
1956,Crazy Arms,Country/Bluegrass
1920,Crazy Blues,Blues
1979,Crazy Little Thing Called Love,Rock/Pop
1928,Crazy Rhythm,Jazz
1980,Crazy Train,Rock/Pop
1951,Crazy He Calls Me (Crazy She Calls Me),Jazz
1992,Creep,Rock/Pop
1994,Creep,R & B/Soul
1900,Creole Belles,Jazz
1957,Crepuscule With Nellie (Moonlight With Nellie),Jazz
1964,Crescent,Jazz
1987,Crescent City,Jazz
1995,Criminology,Hip-Hop
1996,Crispy Bacon,Dance/Electronica
1988,Critical Beatdown,Hip-Hop
1998,Crook County,Hip-Hop
1936,Cross Road Blues (aka Crossroad; aka Crossroad Blues),Blues
1987,Cross The,Gospel
1967,Crosscut Saw,Blues
1992,Crossover,Hip-Hop
1995,Crossroads (aka Tha Crossroads; aka Tha Crossroad),Hip-Hop
1992,Crucify,Rock/Pop
1979,Cruisin',R & B/Soul
1902,Cruising Down the River On A Sunday Afternoon,Musical/Film
1951,Cry,R & B/Soul
1996,Cry,Dance/Electronica
1963,Cry Baby,R & B/Soul
1956,Cry Cry Cry,Country/Bluegrass
1960,Cry Me A River,Jazz
1949,Cry Of The Wild Goose,Country/Bluegrass
1961,Crying,Rock/Pop
1965,Crying Game The,Rock/Pop
1953,Crying In The Chapel,Gospel
1964,Crying Time,Country/Bluegrass
1972,Crystal Silence,Jazz
1931,Cuban Love Song,Jazz
1908,Cuddle Up A Little Closer,Musical/Film
1988,Cult Of Personality,Rock/Pop
1999,Cum On Everybody,Hip-Hop
1925,Cup Of Coffee A Sandwich And You A,Musical/Film
1961,Cupid,R & B/Soul
1946,Curly Headed Baby,Folk/Roots
1975,Cut The Cake,R & B/Soul
1994,Cut Your Hair,Rock/Pop
1931,Cypress Grove Blues,Blues
1968,Cyprus Avenue,Blues
1986,Da Butt,R & B/Soul
1996,Da Dip,Hip-Hop
1963,Da Do Ron Ron,R & B/Soul
1995,Da Funk,Dance/Electronica
1993,Da Mystery Of Chessboxin',Hip-Hop
1953,Daahoud,Jazz
1968,Daddy Sang Bass,Country/Bluegrass
1912,Dallas Blues,Ragtime
1978,Damaged Goods,Rock/Pop
1991,Damn Right I've Got The Blues,Blues
1979,Dance Away,Rock/Pop
1985,Dance Me To The End Of Love,Rock/Pop
1949,Dance Of The Infidels,Jazz
1990,Dance To My Ministry,Hip-Hop
1968,Dance To The Music,R & B/Soul
1992,Dance Without Sleeping,Folk/Roots
1992,Dance The,Country/Bluegrass
1992,Dance You Monster To My Soft Song,Jazz
1979,Dancing Barefoot,Rock/Pop
1931,Dancing In The Dark,Jazz
1984,Dancing In The Dark,Rock/Pop
1964,Dancing In The Street,R & B/Soul
1976,Dancing Queen,Dance/Electronica
1964,Dang Me,Country/Bluegrass
1966,Dangling Conversation The,Folk/Roots
1973,Daniel,Rock/Pop
1936,Daphne,Jazz
1919,Dardanella,Jazz
1947,Dark As A Dungeon,Folk/Roots
1966,Dark End Of The Street,R & B/Soul
1976,Dark Eyed Molly,Folk/Roots
1970,Dark Globe,Folk/Roots
1996,Dark Keys The,Jazz
1995,Dark Magus,Dance/Electronica
1957,Dark Moon,Country/Bluegrass
1978,Dark Prince The,Jazz
1969,Dark Star,Rock/Pop
1927,Dark Was The Night Cold Was The Ground,Gospel
1917,Darktown Strutters' Ball The,Jazz
1995,Darn Folksinger,Folk/Roots
1939,Darn That Dream,Jazz
1959,Dat Dere,Jazz
1995,Datskat,Hip-Hop
1924,Davenport Blues,Jazz
1974,Dawgology,Country/Bluegrass
1966,Day In The Life Of A Fool A (Manha De Carnaval),Jazz
1967,Day In The Life A,Rock/Pop
1992,Day Of Sooperman Lover A,Hip-Hop
1965,Day Tripper,Rock/Pop
1966,Daydream (aka What A Day For A Daydream),Folk/Roots
1962,Days Of Wine And Roses The,Musical/Film
1969,Dazed And Confused,Rock/Pop
1999,Dead Eye,Dance/Electronica
1997,Dead Presidents,Hip-Hop
1996,Dead Wrong,Hip-Hop
1973,Dear Abby,Folk/Roots
1986,Dear God,Rock/Pop
1949,Dear Hearts And Gentle People,Country/Bluegrass
1968,Dear Landlord,Rock/Pop
1995,Dear Mama,Hip-Hop
1946,Dear Mrs. Roosevelt,Folk/Roots
1957,Dedicated To The One I Love,R & B/Soul
1936,Dedicated To You,Jazz
1926,Deed I Do,Jazz
1992,Deep Cover,Hip-Hop
1924,Deep In My Heart Dear,Musical/Film
1942,Deep In The Heart Of Texas,Country/Bluegrass
1934,Deep Purple,Jazz
1997,Definition,Hip-Hop
1985,Delirium Tremens,Folk/Roots
1972,Delta Dawn,Country/Bluegrass
1994,Demagogue,Rock/Pop
1992,Democracy,Rock/Pop
1949,Deportee,Folk/Roots
1942,Der Fuehrer's Face,Musical/Film
1959,Desafinado (Slightly Out Of Tune),Jazz
1996,Design For Life A,Rock/Pop
1965,Desolation Row,Rock/Pop
1973,Desperado,Country/Bluegrass
1973,Desperados Waiting For A Train,Country/Bluegrass
1945,Detour,Country/Bluegrass
1963,Detroit City,Country/Bluegrass
1931,Devil Got My Woman,Blues
1979,Devil Went Down To Georgia The,Country/Bluegrass
1964,Devil With The Blue Dress,R & B/Soul
1998,Devil Without A Cause,Rock/Pop
1996,Devil's Haircut,Rock/Pop
1970,Devotion,Jazz
1945,Dexter Rides Again,Jazz
1975,Diamonds And Rust,Folk/Roots
1949,Diamonds Are A Girl's Best Friend,Jazz
1986,Diamonds On The Soles Of Her Shoes,Rock/Pop
1960,Diane,Jazz
1966,Did You Ever Have To Make Up Your Mind,Rock/Pop
1969,Didn't We?,Rock/Pop
1988,Diety,Rock/Pop
1967,Different Drum,Country/Bluegrass
1925,Dinah,Jazz
1973,Dinah-Moe Humm,Rock/Pop
1939,Ding-Dong! The Witch Is Dead,Musical/Film
1964,Dirty Old Town,Folk/Roots
1977,Disco Inferno,Dance/Electronica
1967,D-I-V-O-R-C-E,Country/Bluegrass
1993,Divorce Song,Rock/Pop
1945,Dizzy Atmosphere,Jazz
1974,Dizzy Dizzy,Dance/Electronica
1958,Dizzy Miss Lizzy,R & B/Soul
1955,Django,Jazz
1949,Django Castle,Jazz
1934,Djangology,Jazz
1926,Do Do Do,Musical/Film
1922,Do It Again,Musical/Film
1972,Do It Again,Rock/Pop
1990,Do Me Right,R & B/Soul
1943,Do Nothin' Till You Hear From Me,Jazz
1967,Do Right Woman Do Right Man,R & B/Soul
1968,Do The Reggay,Reggae
1978,Do Ya Think I'm Sexy?,Dance/Electronica
1965,Do You Believe In Magic?,Rock/Pop
1985,Do You Hear The People Sing,Musical/Film
1968,Do You Know The Way To San Jose?,Rock/Pop
1962,Do You Love Me?,R & B/Soul
1983,Do You Really Want To Hurt Me?,Rock/Pop
1958,Do You Wanna Dance?,Rock/Pop
1977,Does Fort Worth Ever Cross Your Mind?,Country/Bluegrass
1989,Doin' Our Own Dang,Hip-Hop
1928,Doin' The New Low Down,Jazz
1946,Doin' What Comes Natur'lly,Musical/Film
1994,Doll Parts,Rock/Pop
1970,Domino,R & B/Soul
1972,Don Quixote,Folk/Roots
1989,Done By The Forces Of Nature,Hip-Hop
1992,Done Got Old,Blues
1923,Donkey Serenade The,Musical/Film
1995,Don't,Folk/Roots
1988,Don't Be Cruel,R & B/Soul
1956,Don't Be Cruel (To A Heart That's True),Rock/Pop
1969,Don't Beat Me Down,Folk/Roots
1988,Don't Believe The Hype,Hip-Hop
1933,Don't Blame Me,Jazz
1975,Don't Bogart That Joint,Rock/Pop
1967,Don't Come Home A-Drinkin' (With Lovin' On Your Mind),Country/Bluegrass
1976,Don't Cry For Me Argentina,Musical/Film
1979,Don't Do Me Like That,Rock/Pop
1986,Don't Dream It's Over,Rock/Pop
1929,Don't Ever Leave Me,Musical/Film
1946,Don't Explain,Jazz
1976,Don't Fear The Reaper,Rock/Pop
1944,Don't Fence Me In,Country/Bluegrass
1942,Don't Get Around Much Anymore,Jazz
1954,Don't Go To Strangers,Jazz
1975,Don't Interrupt The Sorrow,Rock/Pop
1977,Don't It Make My Brown Eyes Blue,Country/Bluegrass
1975,Don't Leave Me This Way,Dance/Electronica
1969,Don't Let It Bring You Down,Rock/Pop
1998,Don't Let It Go To Your Head,Hip-Hop
1964,Don't Let Me Be Misunderstood,R & B/Soul
1970,Don't Let The Dragon Eat Your Mother,Jazz
1953,Don't Let The Stars Get In Your Eyes,Country/Bluegrass
1974,Don't Let The Sun Go Down On Me,Rock/Pop
