Modelo,Valor,Local,Ano
IPHONE 6S,200.0,AQUIRAZ,2015.0
IPHONE 5S,250.0,FORTALEZA VILA UNIÃO,2013.0
IPHONE 6S,300.0,FORTALEZA BENFICA,2015.0
IPHONE SE1,300.0,FORTALEZA FÁTIMA,2016.0
IPHONE 6,300.0,FORTALEZA VICENTE PINZON,2014.0
IPHONE 5S,350.0,FORTALEZA GRANJA LISBOA,2013.0
IPHONE 6S,350.0,FORTALEZA PAUPINA,2015.0
IPHONE 6,350.0,FORTALEZA BARROSO,2014.0
IPHONE SE1,350.0,CAUCAIA PLANALTO CAUCAIA,2016.0
IPHONE 6S,350.0,FORTALEZA PAUPINA,2015.0
IPHONE 6,350.0,FORTALEZA SIQUEIRA,2014.0
IPHONE 7,380.0,FORTALEZA PASSARÉ,2016.0
IPHONE 6S PLUS,400.0,FORTALEZA JARDIM DAS OLIVEIRAS,2015.0
IPHONE 7,400.0,FORTALEZA BARROSO,2016.0
IPHONE 6,400.0,FORTALEZA SAPIRANGA-COITÉ,2014.0
IPHONE 6S PLUS,400.0,PACATUBA SENADOR CARLOS JEREISSATI,2015.0
IPHONE 6S,400.0,FORTALEZA FLORESTA,2015.0
IPHONE 7,400.0,FORTALEZA CRISTO REDENTOR,2016.0
IPHONE 6S,430.0,FORTALEZA JÓQUEI CLUBE,2015.0
IPHONE 6S,450.0,FORTALEZA ÁLVARO WEYNE,2015.0
IPHONE 6,450.0,FORTALEZA CAJAZEIRAS,2014.0
IPHONE 6S,450.0,CAUCAIA ARIANÓPOLIS (JUREMA),2015.0
IPHONE 7,450.0,FORTALEZA QUINTINO CUNHA,2016.0
IPHONE 6S,450.0,FORTALEZA GRANJA PORTUGAL,2015.0
IPHONE 7 PLUS,450.0,FORTALEZA GENIBAÚ,2016.0
IPHONE 6S,450.0,FORTALEZA JARDIM CEARENSE,2015.0
IPHONE 6S,450.0,FORTALEZA JACARECANGA,2015.0
IPHONE 7,450.0,FORTALEZA QUINTINO CUNHA,2016.0
IPHONE 6S,450.0,FORTALEZA PARQUE SANTA MARIA,2015.0
IPHONE 6 PLUS,450.0,ITAITINGA,2014.0
IPHONE 6S,450.0,MARACANAÚ ACARACUZINHO,2015.0
IPHONE 6S,470.0,FORTALEZA PARQUELÂNDIA,2015.0
IPHONE 7,470.0,FORTALEZA BOM JARDIM,2016.0
IPHONE 6S,480.0,FORTALEZA PARQUE SÃO JOSÉ,2015.0
IPHONE 6 PLUS,480.0,FORTALEZA SERRINHA,2014.0
IPHONE 7,499.0,FORTALEZA CURIÓ,2016.0
IPHONE 6 PLUS,500.0,FORTALEZA SERRINHA,2014.0
IPHONE 6S PLUS,500.0,FORTALEZA BOM JARDIM,2015.0
IPHONE 6S,500.0,PINDORETAMA,2015.0
IPHONE 6S,500.0,EUSÉBIO COITÉ,2015.0
IPHONE 7,500.0,MARANGUAPE NOVO MARANGUAPE II,2016.0
IPHONE 7,500.0,FORTALEZA JANGURUSSU,2016.0
IPHONE 7,500.0,CAUCAIA PLANALTO CAUCAIA,2016.0
IPHONE 7,500.0,FORTALEZA NOVO MONDUBIM,2016.0
IPHONE 6S,500.0,ITAITINGA,2015.0
IPHONE 7,500.0,FORTALEZA CONJUNTO CEARÁ II,2016.0
IPHONE 7,500.0,FORTALEZA DIAS MACEDO,2016.0
IPHONE 7,500.0,FORTALEZA PARQUELÂNDIA,2016.0
IPHONE 7,500.0,PACATUBA PAVUNA,2016.0
IPHONE 6S,500.0,FORTALEZA VILA VELHA,2015.0
IPHONE 7 PLUS,500.0,FORTALEZA GENIBAÚ,2016.0
IPHONE 7 PLUS,500.0,FORTALEZA GENIBAÚ,2016.0
IPHONE 7,500.0,MARANGUAPE NOVO MARANGUAPE II,2016.0
IPHONE 6S PLUS,500.0,FORTALEZA JARDIM DAS OLIVEIRAS,2015.0
IPHONE 7,525.0,CAUCAIA MARECHAL RONDON (JUREMA),2016.0
IPHONE 6S,549.0,FORTALEZA JANGURUSSU,2015.0
IPHONE 7,550.0,FORTALEZA HENRIQUE JORGE,2016.0
IPHONE 6S,550.0,MARACANAÚ JAÇANAÚ,2015.0
IPHONE 7,550.0,FORTALEZA BELA VISTA,2016.0
IPHONE 7,550.0,FORTALEZA SAPIRANGA-COITÉ,2016.0
IPHONE 7,550.0,FORTALEZA PICI,2016.0
IPHONE 6S PLUS,550.0,FORTALEZA BARRA DO CEARÁ,2015.0
IPHONE 7,550.0,FORTALEZA SAPIRANGA-COITÉ,2016.0
IPHONE 6S,550.0,FORTALEZA MANOEL SÁTIRO,2015.0
IPHONE 7,550.0,FORTALEZA MUCURIPE,2016.0
IPHONE 6S,550.0,CAUCAIA CONJUNTO METROPOLITANO,2015.0
IPHONE 7,550.0,FORTALEZA JANGURUSSU,2016.0
IPHONE 6S,550.0,FORTALEZA FÁTIMA,2015.0
IPHONE 5S,560.0,FORTALEZA PRESIDENTE KENNEDY,2013.0
IPHONE 6S,565.0,FORTALEZA JOSÉ DE ALENCAR,2015.0
IPHONE SE1,570.0,FORTALEZA SAPIRANGA-COITÉ,2016.0
IPHONE 7,580.0,FORTALEZA CIDADE 2000,2016.0
IPHONE 6S,590.0,FORTALEZA JOAQUIM TÁVORA,2015.0
IPHONE 6S,590.0,FORTALEZA JOAQUIM TÁVORA,2015.0
IPHONE 7 PLUS,599.0,FORTALEZA ALDEOTA,2016.0
IPHONE 7,600.0,FORTALEZA CANINDEZINHO,2016.0
IPHONE 6,600.0,FORTALEZA PEDRAS,2014.0
IPHONE 7,600.0,FORTALEZA DENDÊ,2016.0
IPHONE 6S,600.0,FORTALEZA JOSÉ BONIFÁCIO,2015.0
IPHONE 7,600.0,FORTALEZA SALINAS,2016.0
IPHONE 7 PLUS,600.0,FORTALEZA BARRA DO CEARÁ,2016.0
IPHONE 7,600.0,FORTALEZA PAPICU,2016.0
IPHONE 7,600.0,FORTALEZA GRANJA LISBOA,2016.0
IPHONE 7,600.0,MARANGUAPE NOVO MARANGUAPE II,2016.0
IPHONE 7,600.0,FORTALEZA GRANJA PORTUGAL,2016.0
IPHONE 7,600.0,FORTALEZA SAPIRANGA-COITÉ,2016.0
IPHONE 7,600.0,FORTALEZA ANTÔNIO BEZERRA,2016.0
IPHONE 7 PLUS,600.0,MARANGUAPE NOVO MARANGUAPE II,2016.0
IPHONE 7,600.0,FORTALEZA CIDADE DOS FUNCIONÁRIOS,2016.0
IPHONE 7,600.0,FORTALEZA PLANALTO AYRTON SENNA,2016.0
IPHONE 7,600.0,FORTALEZA MEIRELES,2016.0
IPHONE 11,600.0,FORTALEZA BOM FUTURO,2019.0
IPHONE 6,600.0,CAUCAIA NOVA METRÓPOLE (JUREMA),2014.0
IPHONE 7,600.0,FORTALEZA BOM JARDIM,2016.0
IPHONE 7,600.0,FORTALEZA JARDIM GUANABARA,2016.0
IPHONE 6S,600.0,EUSÉBIO,2015.0
IPHONE 7,650.0,FORTALEZA EDSON QUEIROZ,2016.0
IPHONE 7,650.0,FORTALEZA SERRINHA,2016.0
IPHONE 7,650.0,FORTALEZA CARLITO PAMPLONA,2016.0
IPHONE 6,650.0,FORTALEZA EDSON QUEIROZ,2014.0
IPHONE 7,650.0,MARACANAÚ JARDIM BANDEIRANTES,2016.0
IPHONE 7,650.0,FORTALEZA JÓQUEI CLUBE,2016.0
IPHONE 7,650.0,FORTALEZA ALTO DA BALANÇA,2016.0
IPHONE 7,650.0,FORTALEZA ENGENHEIRO LUCIANO CAVALCANTE,2016.0
IPHONE 7 PLUS,650.0,CAUCAIA PARQUE GUADALAJARA (JUREMA),2016.0
IPHONE 7,650.0,FORTALEZA PARQUE IRACEMA,2016.0
IPHONE 6S,650.0,FORTALEZA MEIRELES,2015.0
IPHONE 7,680.0,FORTALEZA CENTRO,2016.0
IPHONE 7,680.0,FORTALEZA BOM FUTURO,2016.0
IPHONE 7,700.0,FORTALEZA RODOLFO TEÓFILO,2016.0
IPHONE 7,700.0,FORTALEZA PASSARÉ,2016.0
IPHONE X,700.0,FORTALEZA CARLITO PAMPLONA,2017.0
IPHONE 7,700.0,FORTALEZA CENTRO,2016.0
IPHONE 8,700.0,FORTALEZA CAJAZEIRAS,2017.0
IPHONE 7,700.0,FORTALEZA JACARECANGA,2016.0
IPHONE 7,700.0,MARACANAÚ ACARACUZINHO,2016.0
IPHONE 7,700.0,FORTALEZA ALDEOTA,2016.0
IPHONE 7 PLUS,700.0,MARACANAÚ JEREISSATI I,2016.0
IPHONE 6,700.0,FORTALEZA JARDIM DAS OLIVEIRAS,2014.0
IPHONE 7,700.0,FORTALEZA SIQUEIRA,2016.0
IPHONE 7,700.0,FORTALEZA MOURA BRASIL,2016.0
IPHONE 7,700.0,FORTALEZA JARDIM CEARENSE,2016.0
IPHONE 7,700.0,AQUIRAZ,2016.0
IPHONE 7 PLUS,700.0,FORTALEZA AUTRAN NUNES,2016.0
IPHONE 7,700.0,MARACANAÚ ACARACUZINHO,2016.0
IPHONE 7,700.0,FORTALEZA CRISTO REDENTOR,2016.0
IPHONE 7,700.0,FORTALEZA DEMÓCRITO ROCHA,2016.0
IPHONE 7,700.0,MARACANAÚ HORTO,2016.0
IPHONE 6S,700.0,FORTALEZA MANOEL SÁTIRO,2015.0
IPHONE 8,700.0,FORTALEZA PARQUELÂNDIA,2017.0
IPHONE 7,700.0,FORTALEZA PARQUE DOIS IRMÃOS,2016.0
IPHONE 7,700.0,FORTALEZA JANGURUSSU,2016.0
IPHONE 7,700.0,FORTALEZA BONSUCESSO,2016.0
IPHONE 7,700.0,FORTALEZA MESSEJANA,2016.0
IPHONE 6S PLUS,700.0,FORTALEZA CENTRO,2015.0
IPHONE 7 PLUS,700.0,CAUCAIA PLANALTO CAUCAIA,2016.0
IPHONE 7 PLUS,700.0,FORTALEZA VILA UNIÃO,2016.0
IPHONE 7,700.0,FORTALEZA PARQUE DOIS IRMÃOS,2016.0
IPHONE 7 PLUS,720.0,FORTALEZA AMADEU FURTADO,2016.0
IPHONE 7 PLUS,749.0,FORTALEZA CAIS DO PORTO,2016.0
IPHONE 7 PLUS,750.0,FORTALEZA NOVO MONDUBIM,2016.0
IPHONE 7,750.0,FORTALEZA PARREÃO,2016.0
IPHONE 7 PLUS,750.0,FORTALEZA CAIS DO PORTO,2016.0
IPHONE 8,750.0,FORTALEZA GRANJA PORTUGAL,2017.0
IPHONE 7,750.0,FORTALEZA ARACAPÉ,2016.0
IPHONE 8,750.0,FORTALEZA VILA VELHA,2017.0
IPHONE 7,750.0,EUSÉBIO TAMATANDUBA,2016.0
IPHONE 8,750.0,FORTALEZA BARROSO,2017.0
IPHONE 7,750.0,FORTALEZA JANGURUSSU,2016.0
IPHONE 7 PLUS,750.0,PACATUBA SENADOR CARLOS JEREISSATI,2016.0
IPHONE 7,750.0,FORTALEZA MESSEJANA,2016.0
IPHONE 7,750.0,CAUCAIA CIGANA,2016.0
IPHONE 7,750.0,MARACANAÚ PAJUÇARA,2016.0
IPHONE 8,750.0,FORTALEZA CAJAZEIRAS,2017.0
IPHONE 7 PLUS,750.0,FORTALEZA CENTRO,2016.0
IPHONE 7 PLUS,750.0,FORTALEZA CAIS DO PORTO,2016.0
IPHONE 7 PLUS,750.0,FORTALEZA CONJUNTO CEARÁ I,2016.0
IPHONE XR,750.0,FORTALEZA JANGURUSSU,2018.0
IPHONE 7,750.0,FORTALEZA PASSARÉ,2016.0
IPHONE 8,750.0,FORTALEZA ANTÔNIO BEZERRA,2017.0
IPHONE 6,750.0,FORTALEZA JANGURUSSU,2014.0
IPHONE XR,750.0,FORTALEZA JANGURUSSU,2018.0
IPHONE 8 PLUS,770.0,FORTALEZA SERRINHA,2017.0
IPHONE 7 PLUS,780.0,FORTALEZA FÁTIMA,2016.0
IPHONE 7,780.0,FORTALEZA PARQUE SÃO JOSÉ,2016.0
IPHONE 7 PLUS,800.0,FORTALEZA ELLERY,2016.0
IPHONE 7 PLUS,800.0,MARACANAÚ LUZARDO VIANA,2016.0
IPHONE 7 PLUS,800.0,FORTALEZA PRAIA DE IRACEMA,2016.0
IPHONE 8,800.0,CAUCAIA PARQUE ALBANO (JUREMA),2017.0
IPHONE 8,800.0,FORTALEZA MONDUBIM,2017.0
IPHONE 8 PLUS,800.0,SÃO GONÇALO DO AMARANTE,2017.0
IPHONE 8,800.0,FORTALEZA DIONISIO TORRES,2017.0
IPHONE 8,800.0,FORTALEZA BARRA DO CEARÁ,2017.0
IPHONE 7,800.0,FORTALEZA CRISTO REDENTOR,2016.0
IPHONE 6,800.0,BATURITÉ CENTRO,2014.0
IPHONE 8,800.0,AQUIRAZ,2017.0
IPHONE 7 PLUS,800.0,PACATUBA SENADOR CARLOS JEREISSATI,2016.0
IPHONE 8,800.0,FORTALEZA MONTESE,2017.0
IPHONE 7,800.0,FORTALEZA PREFEITO JOSÉ WALTER,2016.0
IPHONE 7 PLUS,800.0,FORTALEZA PANAMERICANO,2016.0
IPHONE 8,800.0,FORTALEZA PARQUE SANTA ROSA,2017.0
IPHONE 7 PLUS,800.0,FORTALEZA PRESIDENTE KENNEDY,2016.0
IPHONE 8 PLUS,800.0,FORTALEZA CONJUNTO CEARÁ II,2017.0
IPHONE 8,800.0,FORTALEZA ANTÔNIO BEZERRA,2017.0
IPHONE 8,800.0,FORTALEZA VARJOTA,2017.0
IPHONE 8,800.0,FORTALEZA PRESIDENTE KENNEDY,2017.0
IPHONE 7,800.0,FORTALEZA ALTO DA BALANÇA,2016.0
IPHONE 8,800.0,FORTALEZA PARQUELÂNDIA,2017.0
IPHONE SE1,800.0,FORTALEZA BARRA DO CEARÁ,2016.0
IPHONE 6S,800.0,FORTALEZA BARRA DO CEARÁ,2015.0
IPHONE 7 PLUS,800.0,FORTALEZA VILA UNIÃO,2016.0
IPHONE 7 PLUS,800.0,FORTALEZA DIONISIO TORRES,2016.0
IPHONE 7,800.0,FORTALEZA PARREÃO,2016.0
IPHONE 7,800.0,FORTALEZA CANINDEZINHO,2016.0
IPHONE 7,800.0,FORTALEZA VILA VELHA,2016.0
IPHONE 7 PLUS,800.0,MARACANAÚ INDUSTRIAL,2016.0
IPHONE 8 PLUS,800.0,AQUIRAZ,2017.0
IPHONE 8,840.0,FORTALEZA CARLITO PAMPLONA,2017.0
IPHONE 8 PLUS,850.0,FORTALEZA BOA VISTA-CASTELÃO,2017.0
IPHONE 8,850.0,MARACANAÚ NOVO MARACANAÚ,2017.0
IPHONE 8,850.0,AQUIRAZ,2017.0
IPHONE 7 PLUS,850.0,FORTALEZA VILA PERI,2016.0
IPHONE 7 PLUS,850.0,FORTALEZA BONSUCESSO,2016.0
IPHONE 7 PLUS,850.0,FORTALEZA CONJUNTO CEARÁ I,2016.0
IPHONE 8,850.0,FORTALEZA ALDEOTA,2017.0
IPHONE 8,850.0,FORTALEZA DAMAS,2017.0
IPHONE 7,850.0,MARACANAÚ PAJUÇARA,2016.0
IPHONE 7 PLUS,850.0,FORTALEZA PASSARÉ,2016.0
IPHONE 8,850.0,FORTALEZA CONJUNTO CEARÁ I,2017.0
IPHONE 8,850.0,FORTALEZA MEIRELES,2017.0
IPHONE 8,850.0,FORTALEZA TAUAPE,2017.0
IPHONE 8,850.0,FORTALEZA JARDIM GUANABARA,2017.0
IPHONE 7 PLUS,870.0,FORTALEZA MONDUBIM,2016.0
IPHONE 7 PLUS,870.0,FORTALEZA BARROSO,2016.0
IPHONE 8,900.0,FORTALEZA JARDIM DAS OLIVEIRAS,2017.0
IPHONE 7 PLUS,900.0,FORTALEZA MONDUBIM,2016.0
IPHONE 7 PLUS,900.0,FORTALEZA JARDIM IRACEMA,2016.0
IPHONE 8,900.0,CAUCAIA NOVA METRÓPOLE (JUREMA),2017.0
IPHONE 8,900.0,FORTALEZA PREFEITO JOSÉ WALTER,2017.0
IPHONE 8,900.0,FORTALEZA ANCURI,2017.0
IPHONE 7,900.0,CAUCAIA NOVA METRÓPOLE (JUREMA),2016.0
IPHONE 8,900.0,FORTALEZA BOM JARDIM,2017.0
IPHONE 8,900.0,FORTALEZA PASSARÉ,2017.0
IPHONE 8 PLUS,900.0,MARANGUAPE GUABIRABA,2017.0
IPHONE 7,900.0,FORTALEZA ANTÔNIO BEZERRA,2016.0
IPHONE 8 PLUS,900.0,FORTALEZA SERRINHA,2017.0
IPHONE 8,900.0,FORTALEZA MANOEL SÁTIRO,2017.0
IPHONE 8,900.0,SÃO GONÇALO DO AMARANTE,2017.0
IPHONE 7 PLUS,900.0,FORTALEZA DOM LUSTOSA,2016.0
IPHONE 8,900.0,FORTALEZA VILA VELHA,2017.0
IPHONE 8,900.0,FORTALEZA MANOEL SÁTIRO,2017.0
IPHONE 8,900.0,FORTALEZA ITAPERI,2017.0
IPHONE 8 PLUS,900.0,CAUCAIA PARQUE SOLEDADE,2017.0
IPHONE 8,900.0,MARACANAÚ JEREISSATI I,2017.0
IPHONE 8,900.0,FORTALEZA PARQUE SANTA MARIA,2017.0
IPHONE 7 PLUS,900.0,FORTALEZA MANOEL SÁTIRO,2016.0
IPHONE 8,900.0,FORTALEZA GENIBAÚ,2017.0
IPHONE 8 PLUS,900.0,FORTALEZA JARDIM GUANABARA,2017.0
IPHONE 7 PLUS,900.0,FORTALEZA SIQUEIRA,2016.0
IPHONE 7 PLUS,900.0,FORTALEZA SAPIRANGA-COITÉ,2016.0
IPHONE SE1,900.0,FORTALEZA COCÓ,2016.0
IPHONE 8,900.0,FORTALEZA BARRA DO CEARÁ,2017.0
IPHONE 8,900.0,FORTALEZA MESSEJANA,2017.0
IPHONE 7 PLUS,900.0,FORTALEZA CAIS DO PORTO,2016.0
IPHONE 7 PLUS,900.0,FORTALEZA PARQUE SÃO JOSÉ,2016.0
IPHONE 7 PLUS,900.0,PACATUBA SENADOR CARLOS JEREISSATI,2016.0
IPHONE 8,900.0,FORTALEZA PASSARÉ,2017.0
IPHONE 7 PLUS,900.0,CAUCAIA PARQUE ALBANO (JUREMA),2016.0
IPHONE 7 PLUS,900.0,FORTALEZA PAPICU,2016.0
IPHONE SE1,900.0,FORTALEZA PASSARÉ,2016.0
IPHONE 7,900.0,CAUCAIA,2016.0
IPHONE 7 PLUS,950.0,MARANGUAPE NOVO PARQUE IRACEMA,2016.0
IPHONE 7 PLUS,950.0,CAUCAIA NOVA METRÓPOLE (JUREMA),2016.0
IPHONE 8,950.0,FORTALEZA MONTESE,2017.0
IPHONE 7 PLUS,950.0,FORTALEZA MONDUBIM,2016.0
IPHONE 7 PLUS,950.0,FORTALEZA PEDRAS,2016.0
IPHONE 8,950.0,FORTALEZA DOM LUSTOSA,2017.0
IPHONE 7 PLUS,950.0,FORTALEZA QUINTINO CUNHA,2016.0
IPHONE 8,950.0,FORTALEZA VILA VELHA,2017.0
IPHONE 7 PLUS,950.0,MARACANAÚ NOVO MARACANAÚ,2016.0
IPHONE 8,950.0,FORTALEZA BOM JARDIM,2017.0
IPHONE 8,950.0,CAUCAIA CIGANA,2017.0
IPHONE 8,950.0,FORTALEZA ELLERY,2017.0
IPHONE 8,950.0,FORTALEZA ALDEOTA,2017.0
IPHONE 8,950.0,FORTALEZA FÁTIMA,2017.0
IPHONE 8,950.0,FORTALEZA SIQUEIRA,2017.0
IPHONE 7,980.0,FORTALEZA CIDADE DOS FUNCIONÁRIOS,2016.0
IPHONE 7,980.0,FORTALEZA CIDADE DOS FUNCIONÁRIOS,2016.0
IPHONE 8,980.0,FORTALEZA PLANALTO AYRTON SENNA,2017.0
IPHONE 7 PLUS,999.0,FORTALEZA CONJUNTO PALMEIRAS,2016.0
IPHONE 8 PLUS,999.0,FORTALEZA VICENTE PINZON,2017.0
IPHONE 7,999.0,FORTALEZA MANUEL DIAS BRANCO,2016.0
IPHONE 6,999.0,FORTALEZA CURIÓ,
IPHONE 7 PLUS,999.0,FORTALEZA PICI,2016.0
IPHONE 7 PLUS,1000.0,FORTALEZA BONSUCESSO,2016.0
IPHONE 7,1000.0,CAUCAIA NOVA METRÓPOLE (JUREMA),2016.0
IPHONE SE1,1000.0,FORTALEZA MESSEJANA,2016.0
IPHONE 7 PLUS,1000.0,FORTALEZA JÓQUEI CLUBE,2016.0
IPHONE 7 PLUS,1000.0,FORTALEZA LAGOA REDONDA,2016.0
IPHONE 7 PLUS,1000.0,FORTALEZA MONTE CASTELO,2016.0
IPHONE 7,1000.0,FORTALEZA PARQUE MANIBURA,2016.0
IPHONE 8,1000.0,FORTALEZA EDSON QUEIROZ,2017.0
IPHONE 8,1000.0,FORTALEZA FARIAS BRITO,2017.0
IPHONE 8,1000.0,CAUCAIA PARQUE DAS NAÇÕES (JUREMA),2017.0
IPHONE 7 PLUS,1000.0,FORTALEZA GENIBAÚ,2016.0
IPHONE 8,1000.0,FORTALEZA GRANJA LISBOA,2017.0
IPHONE 8,1000.0,FORTALEZA BONSUCESSO,2017.0
IPHONE 7 PLUS,1000.0,FORTALEZA VILA VELHA,2016.0
IPHONE X,1000.0,FORTALEZA PARQUE SANTA MARIA,2017.0
IPHONE 8,1000.0,FORTALEZA CENTRO,2017.0
IPHONE 7 PLUS,1000.0,FORTALEZA ENGENHEIRO LUCIANO CAVALCANTE,2016.0
IPHONE 7,1000.0,FORTALEZA ALDEOTA,2016.0
IPHONE X,1000.0,CAUCAIA PARQUE POTIRA (JUREMA),2017.0
IPHONE 7 PLUS,1000.0,FORTALEZA FÁTIMA,2016.0
IPHONE 8 PLUS,1000.0,FORTALEZA GENIBAÚ,2017.0
IPHONE 7 PLUS,1000.0,MARACANAÚ SIQUEIRA,2016.0
IPHONE 8 PLUS,1000.0,FORTALEZA BOA VISTA-CASTELÃO,2017.0
IPHONE 8,1000.0,FORTALEZA COCÓ,2017.0
IPHONE 8,1000.0,FORTALEZA CIDADE 2000,2017.0
IPHONE 7 PLUS,1000.0,PENTECOSTE,2016.0
IPHONE 8,1000.0,AQUIRAZ,2017.0
IPHONE 8,1000.0,FORTALEZA ÁLVARO WEYNE,2017.0
IPHONE 7 PLUS,1000.0,FORTALEZA AUTRAN NUNES,2016.0
IPHONE SE1,1000.0,FORTALEZA BONSUCESSO,2016.0
IPHONE 7 PLUS,1000.0,MARACANAÚ ACARACUZINHO,2016.0
IPHONE 8 PLUS,1000.0,FORTALEZA LAGOA REDONDA,2017.0
IPHONE 7,1000.0,FORTALEZA CONJUNTO CEARÁ II,2016.0
IPHONE X,1000.0,FORTALEZA ALTO DA BALANÇA,2017.0
IPHONE 7 PLUS,1000.0,FORTALEZA ENGENHEIRO LUCIANO CAVALCANTE,2016.0
IPHONE 7 PLUS,1000.0,FORTALEZA JOSÉ BONIFÁCIO,2016.0
IPHONE 7,1000.0,FORTALEZA PARQUE MANIBURA,2016.0
IPHONE 7 PLUS,1000.0,FORTALEZA CIDADE 2000,2016.0
IPHONE 7 PLUS,1000.0,FORTALEZA PARANGABA,2016.0
IPHONE 7 PLUS,1000.0,CAUCAIA PADRE JULIO MARIA,2016.0
IPHONE 8 PLUS,1000.0,FORTALEZA GRANJA PORTUGAL,2017.0
IPHONE 7 PLUS,1000.0,PACATUBA PAVUNA,2016.0
IPHONE 8,1000.0,FORTALEZA SÃO BENTO,2017.0
IPHONE 8 PLUS,1000.0,FORTALEZA PIRAMBU,2017.0
IPHONE 7 PLUS,1000.0,EUSÉBIO COAÇU,2016.0
IPHONE 7 PLUS,1000.0,FORTALEZA JOAQUIM TÁVORA,2016.0
IPHONE 7 PLUS,1050.0,FORTALEZA CONJUNTO PALMEIRAS,2016.0
IPHONE 8 PLUS,1050.0,FORTALEZA PARANGABA,2017.0
IPHONE 8,1050.0,FORTALEZA CIDADE 2000,2017.0
IPHONE 8,1050.0,FORTALEZA PASSARÉ,2017.0
IPHONE 8,1050.0,FORTALEZA GRANJA LISBOA,2017.0
IPHONE 8,1090.0,MARACANAÚ JARÍ,2017.0
IPHONE 7 PLUS,1100.0,FORTALEZA MONTE CASTELO,2016.0
IPHONE 7 PLUS,1100.0,CAUCAIA PARQUE ALBANO (JUREMA),2016.0
IPHONE 8,1100.0,MARANGUAPE NOVO MARANGUAPE II,2017.0
IPHONE X,1100.0,FORTALEZA CRISTO REDENTOR,2017.0
IPHONE 7 PLUS,1100.0,FORTALEZA ITAOCA,2016.0
IPHONE 7 PLUS,1100.0,FORTALEZA PREFEITO JOSÉ WALTER,2016.0
IPHONE 8 PLUS,1100.0,PINDORETAMA,2017.0
IPHONE SE,1100.0,FORTALEZA GRANJA LISBOA,2020.0
IPHONE 8,1100.0,FORTALEZA ANTÔNIO BEZERRA,2017.0
IPHONE 11,1100.0,FORTALEZA MESSEJANA,2019.0
IPHONE 8 PLUS,1100.0,EUSÉBIO,2017.0
IPHONE 8,1100.0,FORTALEZA PAPICU,2017.0
IPHONE 8 PLUS,1100.0,FORTALEZA CONJUNTO PALMEIRAS,2017.0
IPHONE X,1100.0,CASCAVEL,2017.0
IPHONE 8 PLUS,1100.0,FORTALEZA MARAPONGA,2017.0
IPHONE 8 PLUS,1100.0,FORTALEZA DOM LUSTOSA,2017.0
IPHONE 7 PLUS,1100.0,CAUCAIA PARQUE LEBLON,2016.0
IPHONE 7 PLUS,1100.0,FORTALEZA PARQUELÂNDIA,2016.0
IPHONE 7 PLUS,1100.0,FORTALEZA SIQUEIRA,2016.0
IPHONE 8,1100.0,FORTALEZA MONTESE,2017.0
IPHONE X,1100.0,PACAJUS,2017.0
IPHONE 8 PLUS,1100.0,FORTALEZA MARAPONGA,2017.0
IPHONE 8 PLUS,1100.0,FORTALEZA CANINDEZINHO,2017.0
IPHONE 8 PLUS,1100.0,FORTALEZA PARQUE PRESIDENTE VARGAS,2017.0
IPHONE 7 PLUS,1100.0,FORTALEZA MONDUBIM,2016.0
IPHONE 8,1150.0,FORTALEZA MANOEL SÁTIRO,2017.0
IPHONE 8,1150.0,FORTALEZA PRESIDENTE KENNEDY,2017.0
IPHONE 8 PLUS,1150.0,FORTALEZA GUARARAPES,2017.0
IPHONE 8 PLUS,1150.0,FORTALEZA MONDUBIM,2017.0
IPHONE 7 PLUS,1150.0,FORTALEZA GRANJA LISBOA,2016.0
IPHONE SE,1150.0,FORTALEZA MESSEJANA,2020.0
IPHONE 7 PLUS,1170.0,FORTALEZA MONDUBIM,2016.0
IPHONE 8,1170.0,FORTALEZA HENRIQUE JORGE,2017.0
IPHONE 8,1179.0,EUSÉBIO PIRES FAÇANHA,2017.0
IPHONE 8,1200.0,FORTALEZA DAMAS,2017.0
IPHONE 8 PLUS,1200.0,CAUCAIA NOVA METRÓPOLE (JUREMA),2017.0
IPHONE 8,1200.0,MARACANAÚ JEREISSATI II,2017.0
IPHONE 7 PLUS,1200.0,HORIZONTE PLANALTO HORIZONTE,2016.0
IPHONE 8 PLUS,1200.0,MARACANAÚ LUZARDO VIANA,2017.0
IPHONE 8 PLUS,1200.0,FORTALEZA ALDEOTA,2017.0
IPHONE 8,1200.0,FORTALEZA PLANALTO AYRTON SENNA,2017.0
IPHONE 8 PLUS,1200.0,MARACANAÚ ALTO ALEGRE II,2017.0
IPHONE 8 PLUS,1200.0,FORTALEZA MARAPONGA,2017.0
IPHONE 8 PLUS,1200.0,FORTALEZA ANTÔNIO BEZERRA,2017.0
IPHONE 8,1200.0,CAUCAIA ARATURI (JUREMA),2017.0
IPHONE 8 PLUS,1200.0,FORTALEZA PANAMERICANO,2017.0
IPHONE 8 PLUS,1200.0,FORTALEZA JÓQUEI CLUBE,2017.0
IPHONE 7 PLUS,1200.0,FORTALEZA MEIRELES,2016.0
IPHONE 8,1200.0,MARACANAÚ TIMBÓ,2017.0
IPHONE SE,1200.0,MARANGUAPE SAPUPARA,2020.0
IPHONE 8,1200.0,FORTALEZA ANTÔNIO BEZERRA,2017.0
IPHONE 8 PLUS,1200.0,FORTALEZA RODOLFO TEÓFILO,2017.0
IPHONE 8 PLUS,1200.0,FORTALEZA JACARECANGA,2017.0
IPHONE 8,1200.0,FORTALEZA JARDIM DAS OLIVEIRAS,2017.0
IPHONE X,1200.0,FORTALEZA DIAS MACEDO,2017.0
IPHONE 8,1200.0,FORTALEZA CANINDEZINHO,2017.0
IPHONE 8 PLUS,1200.0,FORTALEZA MONDUBIM,2017.0
IPHONE 7 PLUS,1200.0,FORTALEZA PARQUE IRACEMA,2016.0
IPHONE 8 PLUS,1200.0,FORTALEZA PREFEITO JOSÉ WALTER,2017.0
IPHONE 8 PLUS,1200.0,FORTALEZA JANGURUSSU,2017.0
IPHONE 7,1200.0,PACAJUS,2016.0
IPHONE XS,1200.0,FORTALEZA PADRE ANDRADE,2018.0
IPHONE SE,1200.0,FORTALEZA MONDUBIM,2020.0
IPHONE 8 PLUS,1200.0,CAUCAIA ARIANÓPOLIS (JUREMA),2017.0
IPHONE X,1200.0,FORTALEZA JANGURUSSU,2017.0
IPHONE 8 PLUS,1200.0,FORTALEZA GENIBAÚ,2017.0
IPHONE 7 PLUS,1200.0,FORTALEZA PRESIDENTE KENNEDY,2016.0
IPHONE 8 PLUS,1200.0,FORTALEZA PAPICU,2017.0
IPHONE 8 PLUS,1200.0,FORTALEZA SIQUEIRA,2017.0
IPHONE 8 PLUS,1200.0,FORTALEZA BARRA DO CEARÁ,2017.0
IPHONE X,1200.0,FORTALEZA ALDEOTA,2017.0
IPHONE 7 PLUS,1200.0,FORTALEZA MEIRELES,2016.0
IPHONE X,1200.0,FORTALEZA CARLITO PAMPLONA,2017.0
IPHONE 8 PLUS,1200.0,FORTALEZA ANTÔNIO BEZERRA,2017.0
IPHONE 8,1200.0,FORTALEZA PRESIDENTE KENNEDY,2017.0
IPHONE X,1200.0,CAUCAIA GUAGIRU,2017.0
IPHONE SE,1200.0,FORTALEZA PREFEITO JOSÉ WALTER,2020.0
IPHONE X,1200.0,MARACANAÚ COQUEIRAL,2017.0
IPHONE 8 PLUS,1200.0,MARACANAÚ TIMBÓ,2017.0
IPHONE 8 PLUS,1200.0,FORTALEZA PADRE ANDRADE,2017.0
IPHONE 8 PLUS,1250.0,FORTALEZA LAGOA REDONDA,2017.0
IPHONE 8 PLUS,1250.0,FORTALEZA CARLITO PAMPLONA,2017.0
IPHONE 8 PLUS,1250.0,FORTALEZA ALDEOTA,2017.0
IPHONE X,1250.0,FORTALEZA MONDUBIM,2017.0
IPHONE 8 PLUS,1250.0,FORTALEZA CONJUNTO CEARÁ I,2017.0
IPHONE 8 PLUS,1250.0,FORTALEZA SALINAS,2017.0
IPHONE 8 PLUS,1250.0,FORTALEZA GRANJA LISBOA,2017.0
IPHONE 8 PLUS,1250.0,PACAJUS,2017.0
IPHONE 8,1250.0,FORTALEZA MONDUBIM,2017.0
IPHONE 7 PLUS,1250.0,FORTALEZA GRANJA LISBOA,2016.0
IPHONE 7 PLUS,1250.0,FORTALEZA JÓQUEI CLUBE,2016.0
IPHONE X,1250.0,FORTALEZA LAGOA REDONDA,2017.0
IPHONE 7 PLUS,1250.0,FORTALEZA PICI,2016.0
IPHONE 8 PLUS,1259.0,FORTALEZA PARQUE SANTA ROSA,2017.0
IPHONE X,1299.0,FORTALEZA DIONISIO TORRES,2017.0
IPHONE 8,1299.0,FORTALEZA EDSON QUEIROZ,2017.0
IPHONE 8 PLUS,1299.0,FORTALEZA PARQUE IRACEMA,2017.0
IPHONE 8,1300.0,FORTALEZA PARQUELÂNDIA,2017.0
IPHONE 8 PLUS,1300.0,FORTALEZA ITAPERI,2017.0
IPHONE X,1300.0,FORTALEZA VILA PERI,2017.0
IPHONE 8,1300.0,FORTALEZA ANTÔNIO BEZERRA,2017.0
IPHONE SE,1300.0,FORTALEZA PRESIDENTE KENNEDY,2020.0
IPHONE 8 PLUS,1300.0,FORTALEZA SAPIRANGA-COITÉ,2017.0
IPHONE 8 PLUS,1300.0,FORTALEZA PARQUE DOIS IRMÃOS,2017.0
IPHONE 8 PLUS,1300.0,FORTALEZA ANTÔNIO BEZERRA,2017.0
IPHONE X,1300.0,FORTALEZA GRANJA PORTUGAL,2017.0
IPHONE 8 PLUS,1300.0,FORTALEZA VICENTE PINZON,2017.0
IPHONE 8 PLUS,1300.0,FORTALEZA MANOEL SÁTIRO,2017.0
IPHONE 8 PLUS,1300.0,FORTALEZA JARDIM IRACEMA,2017.0
IPHONE 8 PLUS,1300.0,FORTALEZA PAPICU,2017.0
IPHONE 8 PLUS,1300.0,FORTALEZA ALTO DA BALANÇA,2017.0
IPHONE 8 PLUS,1300.0,FORTALEZA CANINDEZINHO,2017.0
IPHONE 8 PLUS,1300.0,EUSÉBIO COAÇU,2017.0
IPHONE 8,1300.0,EUSÉBIO TAMATANDUBA,2017.0
IPHONE 8 PLUS,1300.0,FORTALEZA PICI,2017.0
IPHONE XS MAX,1300.0,FORTALEZA PIRAMBU,2018.0
IPHONE X,1300.0,FORTALEZA CENTRO,2017.0
IPHONE 8 PLUS,1300.0,FORTALEZA JOAQUIM TÁVORA,2017.0
IPHONE 7 PLUS,1300.0,FORTALEZA ENGENHEIRO LUCIANO CAVALCANTE,2016.0
IPHONE 8 PLUS,1300.0,FORTALEZA BARRA DO CEARÁ,2017.0
IPHONE 8 PLUS,1300.0,FORTALEZA DIONISIO TORRES,2017.0
IPHONE 8,1300.0,FORTALEZA PRESIDENTE KENNEDY,2017.0
IPHONE 8 PLUS,1300.0,FORTALEZA PIRAMBU,2017.0
IPHONE X,1300.0,FORTALEZA RODOLFO TEÓFILO,2017.0
IPHONE 8,1300.0,FORTALEZA VILA VELHA,2017.0
IPHONE XS,1300.0,FORTALEZA CARLITO PAMPLONA,2018.0
IPHONE XS,1300.0,FORTALEZA VILA PERI,2018.0
IPHONE 8 PLUS,1300.0,EUSÉBIO COAÇU,2017.0
IPHONE 8 PLUS,1300.0,FORTALEZA JACARECANGA,2017.0
IPHONE XR,1300.0,CAUCAIA CENTRO,2018.0
IPHONE XS,1300.0,FORTALEZA COAÇU,2018.0
IPHONE 8 PLUS,1300.0,AQUIRAZ,2017.0
IPHONE 8 PLUS,1300.0,FORTALEZA PASSARÉ,2017.0
IPHONE X,1300.0,FORTALEZA BOM FUTURO,2017.0
IPHONE 8 PLUS,1300.0,CAUCAIA ICARAÍ,2017.0
IPHONE 8 PLUS,1300.0,FORTALEZA CANINDEZINHO,2017.0
IPHONE 8 PLUS,1300.0,FORTALEZA BARRA DO CEARÁ,2017.0
IPHONE 7 PLUS,1300.0,FORTALEZA GUAJERU,2016.0
IPHONE 8 PLUS,1300.0,FORTALEZA GRANJA PORTUGAL,2017.0
IPHONE X,1300.0,FORTALEZA GENIBAÚ,2017.0
IPHONE 8 PLUS,1300.0,FORTALEZA VILA PERI,2017.0
IPHONE 8 PLUS,1300.0,FORTALEZA VILA VELHA,2017.0
IPHONE X,1300.0,FORTALEZA ITAPERI,2017.0
IPHONE 8 PLUS,1300.0,FORTALEZA BARRA DO CEARÁ,2017.0
IPHONE SE,1300.0,FORTALEZA PASSARÉ,2020.0
IPHONE 8 PLUS,1349.0,FORTALEZA QUINTINO CUNHA,2017.0
IPHONE X,1350.0,FORTALEZA SÃO GERARDO,2017.0
IPHONE 8 PLUS,1350.0,PACAJUS,2017.0
IPHONE X,1350.0,FORTALEZA CONJUNTO ESPERANÇA,2017.0
IPHONE 8 PLUS,1350.0,CAUCAIA NOVO PABUSSU,2017.0
IPHONE 8 PLUS,1350.0,FORTALEZA MEIRELES,2017.0
IPHONE 8 PLUS,1350.0,MARACANAÚ NOVO MARACANAÚ,2017.0
IPHONE X,1350.0,FORTALEZA LAGOA REDONDA,2017.0
IPHONE X,1350.0,FORTALEZA JANGURUSSU,2017.0
IPHONE 8 PLUS,1350.0,FORTALEZA MESSEJANA,2017.0
IPHONE 8 PLUS,1350.0,FORTALEZA PARANGABA,2017.0
IPHONE 8 PLUS,1350.0,FORTALEZA CENTRO,2017.0
IPHONE 8 PLUS,1350.0,MARACANAÚ JEREISSATI I,2017.0
IPHONE 8 PLUS,1350.0,FORTALEZA MEIRELES,2017.0
IPHONE X,1350.0,FORTALEZA NOVO MONDUBIM,2017.0
IPHONE 8 PLUS,1350.0,FORTALEZA JARDIM IRACEMA,2017.0
IPHONE 8 PLUS,1350.0,FORTALEZA PARQUE SÃO JOSÉ,2017.0
IPHONE X,1350.0,MARACANAÚ JEREISSATI I,2017.0
IPHONE X,1350.0,FORTALEZA ÁLVARO WEYNE,2017.0
IPHONE 8 PLUS,1350.0,FORTALEZA VILA UNIÃO,2017.0
IPHONE X,1397.0,FORTALEZA PARANGABA,2017.0
IPHONE X,1399.0,FORTALEZA CENTRO,2017.0
IPHONE X,1399.0,FORTALEZA PARQUE DOIS IRMÃOS,2017.0
IPHONE 8 PLUS,1399.0,FORTALEZA QUINTINO CUNHA,2017.0
IPHONE X,1400.0,FORTALEZA VILA VELHA,2017.0
IPHONE 8 PLUS,1400.0,FORTALEZA CAJAZEIRAS,2017.0
IPHONE X,1400.0,FORTALEZA BOM JARDIM,2017.0
IPHONE 8 PLUS,1400.0,FORTALEZA PARQUELÂNDIA,2017.0
IPHONE X,1400.0,FORTALEZA BARRA DO CEARÁ,2017.0
IPHONE 8 PLUS,1400.0,FORTALEZA VILA PERI,2017.0
IPHONE XS,1400.0,FORTALEZA ITAOCA,2018.0
IPHONE 8 PLUS,1400.0,ITAITINGA,2017.0
IPHONE 8 PLUS,1400.0,FORTALEZA MONDUBIM,2017.0
IPHONE 8 PLUS,1400.0,MARACANAÚ LUZARDO VIANA,2017.0
IPHONE 8 PLUS,1400.0,FORTALEZA MESSEJANA,2017.0
IPHONE X,1400.0,FORTALEZA PRAIA DE IRACEMA,2017.0
IPHONE 8 PLUS,1400.0,FORTALEZA JARDIM DAS OLIVEIRAS,2017.0
IPHONE SE,1400.0,FORTALEZA JARDIM DAS OLIVEIRAS,2020.0
IPHONE 7 PLUS,1400.0,FORTALEZA PRESIDENTE KENNEDY,2016.0
IPHONE 8 PLUS,1400.0,FORTALEZA MONDUBIM,2017.0
IPHONE 8 PLUS,1400.0,FORTALEZA GENIBAÚ,2017.0
IPHONE X,1400.0,FORTALEZA FARIAS BRITO,2017.0
IPHONE X,1400.0,FORTALEZA SAPIRANGA-COITÉ,2017.0
IPHONE 8 PLUS,1400.0,FORTALEZA JOAQUIM TÁVORA,2017.0
IPHONE 7 PLUS,1400.0,FORTALEZA BARRA DO CEARÁ,2016.0
IPHONE X,1400.0,FORTALEZA CENTRO,2017.0
IPHONE X,1450.0,FORTALEZA CENTRO,2017.0
IPHONE X,1450.0,FORTALEZA PARQUE IRACEMA,2017.0
IPHONE 8 PLUS,1450.0,FORTALEZA PARREÃO,2017.0
IPHONE 8 PLUS,1450.0,FORTALEZA QUINTINO CUNHA,2017.0
IPHONE X,1450.0,FORTALEZA GENIBAÚ,2017.0
IPHONE 8 PLUS,1450.0,FORTALEZA JARDIM IRACEMA,2017.0
IPHONE 8 PLUS,1450.0,CAUCAIA GRILO,2017.0
IPHONE 8 PLUS,1450.0,FORTALEZA PARQUE PRESIDENTE VARGAS,2017.0
IPHONE X,1450.0,FORTALEZA JACARECANGA,2017.0
IPHONE X,1450.0,FORTALEZA BARRA DO CEARÁ,2017.0
IPHONE 8 PLUS,1450.0,FORTALEZA SAPIRANGA-COITÉ,2017.0
IPHONE 8 PLUS,1450.0,FORTALEZA BELA VISTA,2017.0
IPHONE X,1450.0,FORTALEZA PARQUE SÃO JOSÉ,2017.0
IPHONE 8 PLUS,1499.0,FORTALEZA JOSÉ DE ALENCAR,2017.0
IPHONE 8 PLUS,1499.0,FORTALEZA PARANGABA,2017.0
IPHONE X,1500.0,FORTALEZA PICI,2017.0
IPHONE X,1500.0,MARACANAÚ JEREISSATI II,2017.0
IPHONE X,1500.0,FORTALEZA PARQUE MANIBURA,2017.0
IPHONE X,1500.0,FORTALEZA FLORESTA,2017.0
IPHONE XS,1500.0,FORTALEZA PAPICU,2018.0
IPHONE 11,1500.0,EUSÉBIO,2019.0
IPHONE X,1500.0,FORTALEZA MONDUBIM,2017.0
IPHONE XS,1500.0,FORTALEZA PRES KENNEDY,2018.0
IPHONE SE,1500.0,CAUCAIA PARQUE ALBANO (JUREMA),2020.0
IPHONE X,1500.0,FORTALEZA NOVO MONDUBIM,2017.0
IPHONE X,1500.0,FORTALEZA GENIBAÚ,2017.0
IPHONE 8 PLUS,1500.0,FORTALEZA ANTÔNIO BEZERRA,2017.0
IPHONE 8 PLUS,1500.0,FORTALEZA PAUPINA,2017.0
IPHONE X,1500.0,FORTALEZA EDSON QUEIROZ,2017.0
IPHONE X,1500.0,EUSÉBIO PRECABURA,2017.0
IPHONE X,1500.0,FORTALEZA PICI,2017.0
IPHONE X,1500.0,FORTALEZA PRESIDENTE KENNEDY,2017.0
IPHONE X,1500.0,FORTALEZA ITAPERI,2017.0
IPHONE XR,1500.0,PACATUBA SENADOR CARLOS JEREISSATI,2018.0
IPHONE SE,1500.0,FORTALEZA PARQUELÂNDIA,2020.0
IPHONE X,1500.0,FORTALEZA MARAPONGA,2017.0
IPHONE 8 PLUS,1500.0,FORTALEZA JARDIM GUANABARA,2017.0
IPHONE X,1500.0,FORTALEZA ALTO DA BALANÇA,2017.0
IPHONE 8 PLUS,1500.0,FORTALEZA BOM JARDIM,2017.0
IPHONE X,1500.0,EUSÉBIO PRECABURA,2017.0
IPHONE 8 PLUS,1500.0,FORTALEZA CIDADE DOS FUNCIONÁRIOS,2017.0
IPHONE 8 PLUS,1500.0,FORTALEZA MEIRELES,2017.0
IPHONE 8 PLUS,1500.0,FORTALEZA ANTÔNIO BEZERRA,2017.0
IPHONE X,1500.0,FORTALEZA SAPIRANGA-COITÉ,2017.0
IPHONE 8 PLUS,1500.0,FORTALEZA MANOEL SÁTIRO,2017.0
IPHONE SE,1500.0,FORTALEZA PREF JOSÉ WALTER,2020.0
IPHONE 8 PLUS,1500.0,FORTALEZA GRANJA LISBOA,2017.0
IPHONE 8 PLUS,1500.0,FORTALEZA OLAVO OLIVEIRA,2017.0
IPHONE 8 PLUS,1500.0,MARANGUAPE NOVO MARANGUAPE I,2017.0
IPHONE X,1500.0,FORTALEZA MANOEL SÁTIRO,2017.0
IPHONE SE,1500.0,FORTALEZA FÁTIMA,2020.0
IPHONE X,1500.0,FORTALEZA PARQUE IRACEMA,2017.0
IPHONE X,1500.0,FORTALEZA DAMAS,2017.0
IPHONE X,1500.0,FORTALEZA VILA UNIÃO,2017.0
IPHONE 8 PLUS,1500.0,FORTALEZA MESSEJANA,2017.0
IPHONE 8 PLUS,1500.0,MARACANAÚ PAJUÇARA,2017.0
IPHONE X,1500.0,EUSÉBIO,2017.0
IPHONE X,1500.0,FORTALEZA MANOEL SÁTIRO,2017.0
IPHONE X,1530.0,FORTALEZA ALDEOTA,2017.0
IPHONE X,1550.0,FORTALEZA GUARARAPES,2017.0
IPHONE XS,1550.0,FORTALEZA MONDUBIM,2018.0
IPHONE X,1550.0,FORTALEZA EDSON QUEIROZ,2017.0
IPHONE X,1550.0,FORTALEZA JARDIM IRACEMA,2017.0
IPHONE X,1550.0,FORTALEZA GRANJA LISBOA,2017.0
IPHONE 8 PLUS,1550.0,FORTALEZA ÁLVARO WEYNE,2017.0
IPHONE XS,1550.0,FORTALEZA DAMAS,2018.0
IPHONE X,1550.0,CAUCAIA ARIANÓPOLIS (JUREMA),2017.0
IPHONE X,1550.0,FORTALEZA JANGURUSSU,2017.0
IPHONE 7,1550.0,CAUCAIA AÇUDE,2016.0
IPHONE 8 PLUS,1580.0,PACATUBA PAVUNA,2017.0
IPHONE XR,1599.0,FORTALEZA PREFEITO JOSÉ WALTER,2018.0
IPHONE X,1599.0,FORTALEZA PIRAMBU,2017.0
IPHONE 8 PLUS,1599.0,FORTALEZA SALINAS,2017.0
IPHONE X,1599.0,FORTALEZA BELA VISTA,2017.0
IPHONE X,1599.0,PACAJUS,2017.0
IPHONE XS,1599.0,FORTALEZA MONDUBIM,2018.0
IPHONE XR,1599.0,FORTALEZA COCÓ,2018.0
IPHONE 8 PLUS,1599.0,MARACANAÚ CENTRO,2017.0
IPHONE 8 PLUS,1600.0,FORTALEZA PREFEITO JOSÉ WALTER,2017.0
IPHONE 11,1600.0,FORTALEZA PARANGABA,2019.0
IPHONE X,1600.0,FORTALEZA BARRA DO CEARÁ,2017.0
IPHONE 8 PLUS,1600.0,FORTALEZA ANCURI,2017.0
IPHONE X,1600.0,FORTALEZA COAÇU,2017.0
IPHONE X,1600.0,FORTALEZA PAUPINA,2017.0
IPHONE X,1600.0,FORTALEZA PIRAMBU,2017.0
IPHONE 8 PLUS,1600.0,MARACANAÚ TIMBÓ,2017.0
IPHONE X,1600.0,FORTALEZA CENTRO,2017.0
IPHONE X,1600.0,FORTALEZA RODOLFO TEÓFILO,2017.0
IPHONE 8 PLUS,1600.0,ITAITINGA,2017.0
IPHONE 8 PLUS,1600.0,PINDORETAMA,2017.0
IPHONE X,1600.0,FORTALEZA JARDIM GUANABARA,2017.0
IPHONE X,1600.0,FORTALEZA FÁTIMA,2017.0
IPHONE X,1600.0,FORTALEZA MONDUBIM,2017.0
IPHONE X,1600.0,FORTALEZA PLANALTO AYRTON SENNA,2017.0
IPHONE XR,1600.0,FORTALEZA FARIAS BRITO,2018.0
IPHONE X,1600.0,FORTALEZA PARQUE IRACEMA,2017.0
IPHONE X,1600.0,FORTALEZA PAUPINA,2017.0
IPHONE XS MAX,1600.0,FORTALEZA VILA VELHA,2018.0
IPHONE X,1600.0,FORTALEZA JÓQUEI CLUBE,2017.0
IPHONE XS,1600.0,FORTALEZA JACARECANGA,2018.0
IPHONE 8 PLUS,1600.0,FORTALEZA ENGENHEIRO LUCIANO CAVALCANTE,2017.0
IPHONE 8 PLUS,1600.0,EUSÉBIO CENTRO,2017.0
IPHONE 8 PLUS,1600.0,FORTALEZA CONJUNTO CEARÁ II,2017.0
IPHONE X,1600.0,FORTALEZA PARQUE IRACEMA,2017.0
IPHONE XR,1600.0,FORTALEZA PICI,2018.0
IPHONE X,1600.0,FORTALEZA PARQUE IRACEMA,2017.0
IPHONE X,1600.0,FORTALEZA PARANGABA,2017.0
IPHONE XS,1600.0,FORTALEZA MESSEJANA,2018.0
IPHONE XR,1600.0,FORTALEZA CANINDEZINHO,2018.0
IPHONE SE,1600.0,FORTALEZA JANGURUSSU,2020.0
IPHONE XS MAX,1600.0,FORTALEZA JOSÉ DE ALENCAR,2018.0
IPHONE X,1600.0,FORTALEZA AEROLÂNDIA,2017.0
IPHONE XS MAX,1600.0,FORTALEZA MONTESE,2018.0
IPHONE 8 PLUS,1649.0,MARACANAÚ CENTRO,2017.0
IPHONE 8 PLUS,1649.0,MARACANAÚ CENTRO,2017.0
IPHONE 8 PLUS,1649.0,MARACANAÚ CENTRO,2017.0
IPHONE XS,1649.0,FORTALEZA CENTRO,2018.0
IPHONE 8 PLUS,1649.0,MARACANAÚ CENTRO,2017.0
IPHONE X,1650.0,FORTALEZA MONDUBIM,2017.0
IPHONE 8 PLUS,1650.0,FORTALEZA ELLERY,2017.0
IPHONE XS MAX,1650.0,FORTALEZA JARDIM DAS OLIVEIRAS,2018.0
IPHONE XS,1650.0,FORTALEZA PARANGABA,2018.0
IPHONE X,1650.0,MARACANAÚ MUCUNÃ,2017.0
IPHONE XS,1650.0,FORTALEZA PARANGABA,2018.0
IPHONE XS,1650.0,FORTALEZA PARANGABA,2018.0
IPHONE X,1650.0,FORTALEZA PRESIDENTE KENNEDY,2017.0
IPHONE 8 PLUS,1650.0,FORTALEZA QUINTINO CUNHA,2017.0
IPHONE X,1650.0,FORTALEZA GENIBAÚ,2017.0
IPHONE X,1650.0,FORTALEZA PARANGABA,2017.0
IPHONE SE,1699.0,FORTALEZA JOSÉ BONIFÁCIO,2020.0
IPHONE X,1699.0,FORTALEZA EDSON QUEIROZ,2017.0
IPHONE XS,1700.0,FORTALEZA PLANALTO AYRTON SENNA,2018.0
IPHONE X,1700.0,PACATUBA SENADOR CARLOS JEREISSATI,2017.0
IPHONE X,1700.0,CAUCAIA PARQUE POTIRA (JUREMA),2017.0
IPHONE X,1700.0,FORTALEZA BOM JARDIM,2017.0
IPHONE X,1700.0,FORTALEZA ALDEOTA,2017.0
IPHONE XR,1700.0,FORTALEZA SIQUEIRA,2018.0
IPHONE X,1700.0,FORTALEZA COAÇU,2017.0
IPHONE XS,1700.0,FORTALEZA QUINTINO CUNHA,2018.0
IPHONE X,1700.0,CAUCAIA PLANALTO CAUCAIA,2017.0
IPHONE X,1700.0,CAUCAIA PARQUE DAS NAÇÕES (JUREMA),2017.0
IPHONE X,1700.0,MARACANAÚ JEREISSATI I,2017.0
IPHONE X,1700.0,CAUCAIA PARQUE DAS NAÇÕES (JUREMA),2017.0
IPHONE X,1700.0,FORTALEZA COAÇU,2017.0
IPHONE X,1700.0,PACATUBA SENADOR CARLOS JEREISSATI,2017.0
IPHONE X,1700.0,FORTALEZA DAMAS,2017.0
IPHONE X,1700.0,FORTALEZA FÁTIMA,2017.0
IPHONE XS MAX,1700.0,FORTALEZA CAJAZEIRAS,2018.0
IPHONE 8 PLUS,1700.0,FORTALEZA SIQUEIRA,2017.0
IPHONE X,1700.0,PACATUBA SENADOR CARLOS JEREISSATI,2017.0
IPHONE X,1700.0,FORTALEZA JOAQUIM TÁVORA,2017.0
IPHONE 8 PLUS,1700.0,MARACANAÚ INDUSTRIAL,2017.0
IPHONE 8 PLUS,1700.0,FORTALEZA HENRIQUE JORGE,2017.0
IPHONE X,1700.0,FORTALEZA ALDEOTA,2017.0
IPHONE XR,1700.0,FORTALEZA BARROSO,2018.0
IPHONE X,1700.0,FORTALEZA SAPIRANGA-COITÉ,2017.0
IPHONE X,1750.0,FORTALEZA VICENTE PINZON,2017.0
IPHONE 8 PLUS,1750.0,PACATUBA SENADOR CARLOS JEREISSATI,2017.0
IPHONE X,1750.0,FORTALEZA SERRINHA,2017.0
IPHONE X,1750.0,CAUCAIA ITAMBÉ,2017.0
IPHONE X,1750.0,FORTALEZA ENGENHEIRO LUCIANO CAVALCANTE,2017.0
IPHONE X,1750.0,FORTALEZA MEIRELES,2017.0
IPHONE 8 PLUS,1750.0,FORTALEZA JANGURUSSU,2017.0
IPHONE X,1750.0,FORTALEZA BOM FUTURO,2017.0
IPHONE 8 PLUS,1750.0,FORTALEZA BARRA DO CEARÁ,2017.0
IPHONE X,1790.0,MARACANAÚ NOVO ORIENTE,2017.0
IPHONE 11,1799.0,FORTALEZA ÁLVARO WEYNE,2019.0
IPHONE 8 PLUS,1800.0,FORTALEZA MARAPONGA,2017.0
IPHONE 11,1800.0,MARACANAÚ CENTRO,2019.0
IPHONE 11,1800.0,FORTALEZA JANGURUSSU,2019.0
IPHONE 11,1800.0,FORTALEZA DIONISIO TORRES,2019.0
IPHONE X,1800.0,FORTALEZA PARQUE SANTA MARIA,2017.0
IPHONE X,1800.0,FORTALEZA TAUAPE,2017.0
IPHONE XS MAX,1800.0,FORTALEZA BARRA DO CEARÁ,2018.0
IPHONE X,1800.0,FORTALEZA PREFEITO JOSÉ WALTER,2017.0
IPHONE X,1800.0,FORTALEZA BARRA DO CEARÁ,2017.0
IPHONE X,1800.0,FORTALEZA QUINTINO CUNHA,2017.0
IPHONE X,1800.0,FORTALEZA BOM JARDIM,2017.0
IPHONE 11 PRO MAX,1800.0,FORTALEZA PARQUE PRESIDENTE VARGAS,2019.0
IPHONE X,1800.0,HORIZONTE CENTRO,2017.0
IPHONE 11,1800.0,FORTALEZA MONTE CASTELO,2019.0
IPHONE 8 PLUS,1800.0,FORTALEZA ALDEOTA,2017.0
IPHONE X,1800.0,FORTALEZA BELA VISTA,2017.0
IPHONE X,1800.0,FORTALEZA MESSEJANA,2017.0
IPHONE X,1800.0,FORTALEZA JANGURUSSU,2017.0
IPHONE X,1800.0,FORTALEZA JARDIM IRACEMA,2017.0
IPHONE X,1800.0,SÃO GONÇALO DO AMARANTE,2017.0
IPHONE X,1800.0,FORTALEZA QUINTINO CUNHA,2017.0
IPHONE X,1800.0,MARACANAÚ ALTO ALEGRE I,2017.0
IPHONE 11,1800.0,FORTALEZA ANCURI,2019.0
IPHONE 12 MINI,1800.0,FORTALEZA FLORESTA,2020.0
IPHONE X,1800.0,AQUIRAZ,2017.0
IPHONE 11,1800.0,FORTALEZA ALDEOTA,2019.0
IPHONE 11,1800.0,FORTALEZA CENTRO,2019.0
IPHONE X,1800.0,FORTALEZA ELLERY,2017.0
IPHONE X,1800.0,FORTALEZA CAJAZEIRAS,2017.0
IPHONE X,1800.0,FORTALEZA VILA PERI,2017.0
IPHONE XS MAX,1800.0,FORTALEZA FARIAS BRITO,2018.0
IPHONE XR,1800.0,FORTALEZA MONDUBIM,2018.0
IPHONE X,1800.0,FORTALEZA JOSÉ DE ALENCAR,2017.0
IPHONE XS MAX,1800.0,FORTALEZA COCÓ,2018.0
IPHONE XR,1800.0,FORTALEZA CARLITO PAMPLONA,2018.0
IPHONE X,1800.0,FORTALEZA DENDÊ,2017.0
IPHONE X,1850.0,FORTALEZA JOÃO XXIII,2017.0
IPHONE XR,1850.0,CAUCAIA PLANALTO CAUCAIA,2018.0
IPHONE X,1850.0,FORTALEZA VICENTE PINZON,2017.0
IPHONE XR,1850.0,FORTALEZA JARDIM AMÉRICA,2018.0
IPHONE X,1850.0,FORTALEZA JOÃO XXIII,2017.0
IPHONE XS MAX,1850.0,FORTALEZA TAUAPE,2018.0
IPHONE X,1850.0,FORTALEZA CIDADE 2000,2017.0
IPHONE X,1850.0,FORTALEZA ELLERY,2017.0
IPHONE XR,1850.0,FORTALEZA ENGENHEIRO LUCIANO CAVALCANTE,2018.0
IPHONE 11,1850.0,FORTALEZA CENTRO,2019.0
IPHONE X,1850.0,FORTALEZA MONDUBIM,2017.0
IPHONE 11,1850.0,FORTALEZA GRANJA LISBOA,2019.0
IPHONE XR,1850.0,FORTALEZA VILA VELHA,2018.0
IPHONE 11,1850.0,FORTALEZA GRANJA LISBOA,2019.0
IPHONE XS MAX,1850.0,FORTALEZA MEIRELES,2018.0
IPHONE 11,1850.0,FORTALEZA GRANJA LISBOA,2019.0
IPHONE X,1850.0,FORTALEZA QUINTINO CUNHA,2017.0
IPHONE 11,1850.0,FORTALEZA GRANJA LISBOA,2019.0
IPHONE XR,1850.0,FORTALEZA JOÃO XXIII,2018.0
IPHONE X,1850.0,FORTALEZA NOVO MONDUBIM,2017.0
IPHONE X,1850.0,FORTALEZA RODOLFO TEÓFILO,2017.0
IPHONE XR,1899.0,MARACANAÚ CENTRO,2018.0
IPHONE X,1899.0,FORTALEZA JARDIM DAS OLIVEIRAS,2017.0
IPHONE 11,1899.0,FORTALEZA AEROLÂNDIA,2019.0
IPHONE X,1899.0,FORTALEZA AEROPORTO,2017.0
IPHONE XR,1899.0,MARACANAÚ CENTRO,2018.0
IPHONE X,1900.0,FORTALEZA PARANGABA,2017.0
IPHONE 11,1900.0,CAUCAIA PARQUE GUADALAJARA (JUREMA),2019.0
IPHONE XS,1900.0,FORTALEZA CENTRO,2018.0
IPHONE 11,1900.0,FORTALEZA FÁTIMA,2019.0
IPHONE 11,1900.0,FORTALEZA ITAPERI,2019.0
IPHONE XS MAX,1900.0,FORTALEZA TAUAPE,2018.0
IPHONE XR,1900.0,FORTALEZA CIDADE DOS FUNCIONÁRIOS,2018.0
IPHONE XS MAX,1900.0,FORTALEZA MOURA BRASIL,2018.0
IPHONE 11,1900.0,FORTALEZA PRES KENNEDY,2019.0
IPHONE 11,1900.0,FORTALEZA VILA VELHA,2019.0
IPHONE X,1900.0,FORTALEZA BELA VISTA,2017.0
IPHONE X,1900.0,FORTALEZA NOVO MONDUBIM,2017.0
IPHONE 11,1900.0,EUSÉBIO CENTRO,2019.0
IPHONE 11 PRO,1900.0,FORTALEZA HENRIQUE JORGE,2019.0
IPHONE 11,1900.0,FORTALEZA MONDUBIM,2019.0
IPHONE 11,1900.0,FORTALEZA CAIS DO PORTO,2019.0
IPHONE X,1900.0,FORTALEZA HENRIQUE JORGE,2017.0
IPHONE X,1900.0,AQUIRAZ,2017.0
IPHONE XS,1900.0,FORTALEZA VILA VELHA,2018.0
IPHONE X,1900.0,FORTALEZA COCÓ,2017.0
IPHONE X,1900.0,FORTALEZA DENDÊ,2017.0
IPHONE 11,1900.0,FORTALEZA VILA UNIÃO,2019.0
IPHONE X,1900.0,FORTALEZA MESSEJANA,2017.0
IPHONE 11,1900.0,FORTALEZA JANGURUSSU,2019.0
IPHONE XS,1900.0,FORTALEZA CIDADE DOS FUNCIONÁRIOS,2018.0
IPHONE 11,1920.0,FORTALEZA ANTÔNIO BEZERRA,2019.0
IPHONE XR,1949.0,MARACANAÚ CENTRO,2018.0
IPHONE XR,1949.0,MARACANAÚ CENTRO,2018.0
IPHONE XR,1949.0,MARACANAÚ CENTRO,2018.0
IPHONE X,1950.0,FORTALEZA COCÓ,2017.0
IPHONE X,1950.0,FORTALEZA PLANALTO AYRTON SENNA,2017.0
IPHONE 8 PLUS,1950.0,FORTALEZA VICENTE PINZON,2017.0
IPHONE XS,1950.0,FORTALEZA JARDIM CEARENSE,2018.0
IPHONE X,1950.0,FORTALEZA MEIRELES,2017.0
IPHONE X,1990.0,PACATUBA SENADOR CARLOS JEREISSATI,2017.0
IPHONE 11,1990.0,FORTALEZA MONDUBIM,2019.0
IPHONE 11,1999.0,FORTALEZA CENTRO,2019.0
IPHONE XS MAX,1999.0,FORTALEZA FÁTIMA,2018.0
IPHONE 11,1999.0,FORTALEZA MEIRELES,2019.0
IPHONE 11,1999.0,AQUIRAZ,2019.0
IPHONE 11,2000.0,FORTALEZA PASSARÉ,2019.0
IPHONE X,2000.0,FORTALEZA SÃO GERARDO,2017.0
IPHONE 11 PRO,2000.0,FORTALEZA NOVO MONDUBIM,2019.0
IPHONE 11,2000.0,FORTALEZA VARJOTA,2019.0
IPHONE XR,2000.0,FORTALEZA CIDADE DOS FUNCIONÁRIOS,2018.0
IPHONE XS MAX,2000.0,FORTALEZA ALDEOTA,2018.0
IPHONE 11,2000.0,FORTALEZA PREFEITO JOSÉ WALTER,2019.0
IPHONE X,2000.0,MARACANAÚ INDUSTRIAL,2017.0
IPHONE 11,2000.0,FORTALEZA MEIRELES,2019.0
IPHONE XR,2000.0,FORTALEZA CENTRO,2018.0
IPHONE XS,2000.0,FORTALEZA PARANGABA,2018.0
IPHONE X,2000.0,FORTALEZA CANINDEZINHO,2017.0
IPHONE X,2000.0,FORTALEZA GRANJA PORTUGAL,2017.0
IPHONE XR,2000.0,FORTALEZA MEIRELES,2018.0
IPHONE XR,2000.0,FORTALEZA PEDRAS,2018.0
IPHONE X,2000.0,FORTALEZA DE LOURDES,2017.0
IPHONE X,2000.0,FORTALEZA OLAVO OLIVEIRA,2017.0
IPHONE 11,2000.0,MARANGUAPE SAPUPARA,2019.0
IPHONE 11,2000.0,FORTALEZA PAPICU,2019.0
IPHONE 11,2000.0,CAUCAIA PARQUE POTIRA (JUREMA),2019.0
IPHONE 11,2000.0,FORTALEZA MESSEJANA,2019.0
IPHONE 11,2000.0,FORTALEZA MEIRELES,2019.0
IPHONE X,2000.0,FORTALEZA VICENTE PINZON,2017.0
IPHONE 8 PLUS,2000.0,FORTALEZA PARQUE DOIS IRMÃOS,2017.0
IPHONE X,2000.0,FORTALEZA JANGURUSSU,2017.0
IPHONE X,2000.0,MARACANAÚ CENTRO,2017.0
IPHONE X,2000.0,FORTALEZA DAMAS,2017.0
IPHONE 11,2000.0,FORTALEZA DIONISIO TORRES,2019.0
IPHONE 11,2000.0,PACATUBA SÃO JOSÉ,2019.0
IPHONE X,2000.0,FORTALEZA JARDIM IRACEMA,2017.0
IPHONE 11,2000.0,PENTECOSTE,2019.0
IPHONE XS MAX,2000.0,CAUCAIA SÃO MIGUEL (JUREMA),2018.0
IPHONE XS MAX,2000.0,FORTALEZA ANTÔNIO BEZERRA,2018.0
IPHONE 11,2000.0,FORTALEZA BARRA DO CEARÁ,2019.0
IPHONE X,2000.0,FORTALEZA NOVO MONDUBIM,2017.0
IPHONE X,2000.0,FORTALEZA CAJAZEIRAS,2017.0
IPHONE X,2000.0,FORTALEZA NOVO MONDUBIM,2017.0
IPHONE 11,2000.0,FORTALEZA BARRA DO CEARÁ,2019.0
IPHONE 11,2000.0,FORTALEZA CONJUNTO CEARÁ II,2019.0
IPHONE X,2000.0,FORTALEZA DE LOURDES,2017.0
IPHONE XR,2000.0,FORTALEZA CONJUNTO CEARÁ I,2018.0
IPHONE X,2000.0,FORTALEZA JOAQUIM TÁVORA,2017.0
IPHONE SE,2000.0,FORTALEZA FARIAS BRITO,2020.0
IPHONE 8 PLUS,2000.0,CAUCAIA PARQUE POTIRA (JUREMA),2017.0
IPHONE 11,2000.0,FORTALEZA CONJUNTO ESPERANÇA,2019.0
IPHONE 11 PRO,2000.0,FORTALEZA CONJUNTO CEARÁ II,2019.0
IPHONE 11,2000.0,FORTALEZA BARRA DO CEARÁ,2019.0
IPHONE 11,2050.0,FORTALEZA VILA VELHA,2019.0
IPHONE 11,2099.0,MARACANAÚ DISTRITO IND III,2019.0
IPHONE 11 PRO,2100.0,CAUCAIA NOVA METRÓPOLE (JUREMA),2019.0
IPHONE 11,2100.0,CAUCAIA NOVA METRÓPOLE (JUREMA),2019.0
IPHONE 11,2100.0,FORTALEZA PARQUE ARAXÁ,2019.0
IPHONE 11,2100.0,FORTALEZA DIONISIO TORRES,2019.0
IPHONE 11,2100.0,FORTALEZA PRESIDENTE KENNEDY,2019.0
IPHONE XS MAX,2100.0,FORTALEZA MANUEL DIAS BRANCO,2018.0
IPHONE 11,2100.0,FORTALEZA PAPICU,2019.0
IPHONE X,2100.0,FORTALEZA RODOLFO TEÓFILO,2017.0
IPHONE X,2100.0,FORTALEZA CAJAZEIRAS,2017.0
IPHONE 11,2100.0,FORTALEZA PREFEITO JOSÉ WALTER,2019.0
IPHONE X,2100.0,FORTALEZA DAMAS,2017.0
IPHONE 11,2100.0,FORTALEZA JANGURUSSU,2019.0
IPHONE 11,2100.0,MARACANAÚ JARDIM BANDEIRANTES,2019.0
IPHONE 8 PLUS,2100.0,FORTALEZA CARLITO PAMPLONA,2017.0
IPHONE 11,2100.0,FORTALEZA PAPICU,2019.0
IPHONE 11,2100.0,FORTALEZA CENTRO,2019.0
IPHONE X,2100.0,FORTALEZA ALDEOTA,2017.0
IPHONE 11,2100.0,FORTALEZA BOM JARDIM,2019.0
IPHONE XS MAX,2100.0,FORTALEZA NOVO MONDUBIM,2018.0
IPHONE 11,2100.0,FORTALEZA JOSÉ BONIFÁCIO,2019.0
IPHONE XS MAX,2100.0,FORTALEZA JANGURUSSU,2018.0
IPHONE X,2100.0,MARACANAÚ ALTO ALEGRE II,2017.0
IPHONE 11,2100.0,FORTALEZA MONTESE,2019.0
IPHONE X PRO MAX ,2100.0,FORTALEZA SERRINHA,2017.0
IPHONE 11,2100.0,PINDORETAMA,2019.0
IPHONE 11,2100.0,MARACANAÚ NOVO MARACANAÚ,2019.0
IPHONE 11,2100.0,FORTALEZA VILA UNIÃO,2019.0
IPHONE 11,2100.0,MARACANAÚ ALTO ALEGRE II,2019.0
IPHONE 11,2100.0,FORTALEZA MEIRELES,2019.0
IPHONE 11,2100.0,FORTALEZA CIDADE 2000,2019.0
IPHONE 11,2100.0,FORTALEZA MONTESE,2019.0
IPHONE 11,2100.0,FORTALEZA CONJUNTO CEARÁ II,2019.0
IPHONE 11,2100.0,FORTALEZA PEDRAS,2019.0
IPHONE X,2100.0,CAUCAIA JARDIM ICARAÍ,2017.0
IPHONE 11,2100.0,FORTALEZA CENTRO,2019.0
IPHONE 11,2100.0,FORTALEZA TAUAPE,2019.0
IPHONE X,2100.0,FORTALEZA ANTÔNIO BEZERRA,2017.0
IPHONE 11,2150.0,PACATUBA SENADOR CARLOS JEREISSATI,2019.0
IPHONE 11,2150.0,FORTALEZA PASSARÉ,2019.0
IPHONE 11,2150.0,FORTALEZA LAGOA REDONDA,2019.0
IPHONE X,2150.0,CAUCAIA,2017.0
IPHONE 11,2199.0,FORTALEZA ALDEOTA,2019.0
IPHONE 11,2199.0,CAUCAIA MARECHAL RONDON (JUREMA),2019.0
IPHONE 11,2200.0,FORTALEZA SÃO GERARDO,2019.0
IPHONE 11,2200.0,FORTALEZA SAPIRANGA-COITÉ,2019.0
IPHONE 11,2200.0,FORTALEZA ITAPERI,2019.0
IPHONE 11,2200.0,FORTALEZA RODOLFO TEÓFILO,2019.0
IPHONE 11,2200.0,FORTALEZA ALDEOTA,2019.0
IPHONE 11,2200.0,FORTALEZA BARRA DO CEARÁ,2019.0
IPHONE 11,2200.0,FORTALEZA ENGENHEIRO LUCIANO CAVALCANTE,2019.0
IPHONE 11,2200.0,FORTALEZA VILA PERI,2019.0
IPHONE 11,2200.0,FORTALEZA JARDIM CEARENSE,2019.0
IPHONE 11,2200.0,CAUCAIA ICARAÍ,2019.0
IPHONE 11,2200.0,FORTALEZA PLANALTO AYRTON SENNA,2019.0
IPHONE 11,2200.0,FORTALEZA JARDIM GUANABARA,2019.0
IPHONE XS MAX,2200.0,FORTALEZA EDSON QUEIROZ,2018.0
IPHONE 11,2200.0,FORTALEZA PAUPINA,2019.0
IPHONE 11,2200.0,FORTALEZA CRISTO REDENTOR,2019.0
IPHONE XS MAX,2200.0,FORTALEZA CENTRO,2018.0
IPHONE 11,2200.0,FORTALEZA CIDADE 2000,2019.0
IPHONE XS MAX,2200.0,FORTALEZA QUINTINO CUNHA,2018.0
IPHONE 11,2200.0,FORTALEZA JOAQUIM TÁVORA,2019.0
IPHONE XS MAX,2200.0,FORTALEZA PAPICU,2018.0
IPHONE XR,2200.0,FORTALEZA PARQUE MANIBURA,2018.0
IPHONE X,2200.0,FORTALEZA BARRA DO CEARÁ,2017.0
IPHONE XS MAX,2200.0,FORTALEZA JARDIM DAS OLIVEIRAS,2018.0
IPHONE 11,2200.0,FORTALEZA PARQUE IRACEMA,2019.0
IPHONE 11,2200.0,FORTALEZA PAUPINA,2019.0
IPHONE 11,2200.0,FORTALEZA LAGOA REDONDA,2019.0
IPHONE 11,2200.0,CAUCAIA PLANALTO CAUCAIA,2019.0
IPHONE 11,2200.0,FORTALEZA CAMBEBA,2019.0
IPHONE 11,2200.0,FORTALEZA BARRA DO CEARÁ,2019.0
IPHONE XS MAX,2200.0,FORTALEZA BOM JARDIM,2018.0
IPHONE 11,2200.0,FORTALEZA PARANGABA,2019.0
IPHONE XS MAX,2200.0,FORTALEZA MONDUBIM,2018.0
IPHONE 11,2200.0,FORTALEZA PARQUE SANTA ROSA,2019.0
IPHONE 8 PLUS,2200.0,CAUCAIA PARQUE POTIRA (JUREMA),2017.0
IPHONE 11,2200.0,FORTALEZA PANAMERICANO,2019.0
IPHONE 11,2200.0,FORTALEZA VILA VELHA,2019.0
IPHONE 11,2200.0,FORTALEZA MONDUBIM,2019.0
IPHONE 11,2250.0,CAUCAIA PACHECO,2019.0
IPHONE 11,2250.0,CAUCAIA CURICACA,2019.0
IPHONE 11,2250.0,FORTALEZA ENGENHEIRO LUCIANO CAVALCANTE,2019.0
IPHONE 11,2250.0,MARANGUAPE NOVO MARANGUAPE I,2019.0
IPHONE 11,2250.0,FORTALEZA LAGOA REDONDA,2019.0
IPHONE 11,2250.0,FORTALEZA ELLERY,2019.0
IPHONE 11,2250.0,FORTALEZA HENRIQUE JORGE,2019.0
IPHONE 11,2250.0,CAUCAIA ARATURI (JUREMA),2019.0
IPHONE 11,2299.0,FORTALEZA PASSARÉ,2019.0
IPHONE 11,2299.0,FORTALEZA PASSARÉ,2019.0
IPHONE 11,2300.0,MARACANAÚ ALTO ALEGRE II,2019.0
IPHONE 11,2300.0,FORTALEZA CONJUNTO CEARÁ II,2019.0
IPHONE XS,2300.0,PACATUBA SENADOR CARLOS JEREISSATI,2018.0
IPHONE 11,2300.0,FORTALEZA CENTRO,2019.0
IPHONE 11,2300.0,FORTALEZA CENTRO,2019.0
IPHONE XS,2300.0,PACATUBA SENADOR CARLOS JEREISSATI,2018.0
IPHONE SE,2300.0,FORTALEZA EDSON QUEIROZ,2020.0
IPHONE 11,2300.0,FORTALEZA EDSON QUEIROZ,2019.0
IPHONE XS MAX,2300.0,FORTALEZA ALDEOTA,2018.0
IPHONE 11,2300.0,MARACANAÚ PAJUÇARA,2019.0
IPHONE 11,2300.0,FORTALEZA CENTRO,2019.0
IPHONE 11,2300.0,FORTALEZA JANGURUSSU,2019.0
IPHONE 11,2300.0,FORTALEZA AMADEU FURTADO,2019.0
IPHONE 11,2300.0,FORTALEZA VICENTE PINZON,2019.0
IPHONE 11,2300.0,MARANGUAPE OUTRA BANDA,2019.0
IPHONE X,2300.0,FORTALEZA MONDUBIM,2017.0
IPHONE 11,2300.0,FORTALEZA BELA VISTA,2019.0
IPHONE X,2300.0,FORTALEZA LAGOA REDONDA,2017.0
IPHONE 11,2300.0,FORTALEZA MANOEL SÁTIRO,2019.0
IPHONE 11,2300.0,FORTALEZA PASSARÉ,2019.0
IPHONE 11,2350.0,FORTALEZA RODOLFO TEÓFILO,2019.0
IPHONE 11,2350.0,FORTALEZA MESSEJANA,2019.0
IPHONE 12,2350.0,FORTALEZA PASSARÉ,2020.0
IPHONE 11,2350.0,FORTALEZA NOVO MONDUBIM,2019.0
IPHONE 12 MINI,2350.0,FORTALEZA FÁTIMA,2020.0
IPHONE 12 MINI,2350.0,FORTALEZA FÁTIMA,2020.0
IPHONE 11,2390.0,FORTALEZA PAPICU,2019.0
IPHONE 12 MINI,2390.0,FORTALEZA BELA VISTA,2020.0
IPHONE 11,2399.0,MARACANAÚ CENTRO,2019.0
IPHONE 11,2399.0,FORTALEZA PARQUE SÃO JOSÉ,2019.0
IPHONE 11,2399.0,MARACANAÚ CENTRO,2019.0
IPHONE 11,2400.0,FORTALEZA NOVO MONDUBIM,2019.0
IPHONE 11,2400.0,FORTALEZA PARQUELÂNDIA,2019.0
IPHONE 11,2400.0,PACAJUS,2019.0
IPHONE 11,2400.0,FORTALEZA MUCURIPE,2019.0
IPHONE 11,2400.0,CAUCAIA PARQUE GUADALAJARA (JUREMA),2019.0
IPHONE X,2400.0,FORTALEZA PAPICU,2017.0
IPHONE 11 PRO,2400.0,FORTALEZA DIONISIO TORRES,2019.0
IPHONE 11,2400.0,FORTALEZA BONSUCESSO,2019.0
IPHONE 11,2400.0,FORTALEZA BARRA DO CEARÁ,2019.0
IPHONE 11,2400.0,FORTALEZA PARREÃO,2019.0
IPHONE 11,2400.0,FORTALEZA ANTÔNIO BEZERRA,2019.0
IPHONE 11,2400.0,FORTALEZA PARQUELÂNDIA,2019.0
IPHONE 11,2400.0,FORTALEZA DENDÊ,2019.0
IPHONE 11,2400.0,FORTALEZA BONSUCESSO,2019.0
IPHONE XS MAX,2400.0,FORTALEZA MONTE CASTELO,2018.0
IPHONE 11,2400.0,FORTALEZA FÁTIMA,2019.0
IPHONE 11,2400.0,FORTALEZA PLANALTO AYRTON SENNA,2019.0
IPHONE 11,2400.0,CAUCAIA PARQUE GUADALAJARA (JUREMA),2019.0
IPHONE 11,2449.0,FORTALEZA CENTRO,2019.0
IPHONE 11,2450.0,CAUCAIA TABUBA,2019.0
IPHONE 11,2450.0,FORTALEZA PASSARÉ,2019.0
IPHONE 11,2450.0,MARACANAÚ INDUSTRIAL,2019.0
IPHONE 11,2450.0,EUSÉBIO CENTRO,2019.0
IPHONE 11,2450.0,MARANGUAPE NOVO MARANGUAPE I,2019.0
IPHONE 11,2450.0,FORTALEZA DAMAS,2019.0
IPHONE X,2490.0,FORTALEZA FÁTIMA,2017.0
IPHONE 11,2499.0,MARACANAÚ CENTRO,2019.0
IPHONE 11,2499.0,EUSÉBIO TAMATANDUBA,2019.0
IPHONE 11,2499.0,FORTALEZA MARAPONGA,2019.0
IPHONE 11,2499.0,FORTALEZA PASSARÉ,2019.0
IPHONE 11,2499.0,FORTALEZA SÃO GERARDO,2019.0
IPHONE 11,2499.0,FORTALEZA COCÓ,2019.0
IPHONE 11,2499.0,FORTALEZA ITAPERI,2019.0
IPHONE 11,2500.0,MARACANAÚ JARDIM BANDEIRANTES,2019.0
IPHONE 11,2500.0,FORTALEZA MESSEJANA,2019.0
IPHONE 11 PRO MAX,2500.0,EUSÉBIO LAGOINHA,2019.0
IPHONE 12 MINI,2500.0,FORTALEZA MONDUBIM,2020.0
IPHONE 11,2500.0,FORTALEZA MEIRELES,2019.0
IPHONE 11,2500.0,FORTALEZA JARDIM IRACEMA,2019.0
IPHONE 11,2500.0,FORTALEZA MEIRELES,2019.0
IPHONE 11,2500.0,PACATUBA PAVUNA,2019.0
IPHONE 11,2500.0,FORTALEZA BELA VISTA,2019.0
IPHONE 11,2500.0,FORTALEZA PARQUE MANIBURA,2019.0
IPHONE 11,2500.0,FORTALEZA MEIRELES,2019.0
IPHONE 11,2500.0,FORTALEZA CRISTO REDENTOR,2019.0
IPHONE 11,2500.0,CAUCAIA TABAPUÁ,2019.0
IPHONE 12 MINI,2500.0,FORTALEZA BOM JARDIM,2020.0
IPHONE 11,2500.0,FORTALEZA JOÃO XXIII,2019.0
IPHONE 11,2500.0,FORTALEZA RODOLFO TEÓFILO,2019.0
IPHONE 11,2500.0,FORTALEZA SAPIRANGA-COITÉ,2019.0
IPHONE 11,2500.0,MARACANAÚ NOVO MARACANAÚ,2019.0
IPHONE 11,2500.0,FORTALEZA CARLITO PAMPLONA,2019.0
IPHONE 12,2500.0,FORTALEZA COCÓ,2020.0
IPHONE 11,2500.0,FORTALEZA CIDADE 2000,2019.0
IPHONE 11,2500.0,FORTALEZA RODOLFO TEÓFILO,2019.0
IPHONE 11,2500.0,FORTALEZA MESSEJANA,2019.0
IPHONE 11,2500.0,FORTALEZA GENIBAÚ,2019.0
IPHONE 11,2500.0,FORTALEZA QUINTINO CUNHA,2019.0
IPHONE 11 PRO MAX,2500.0,FORTALEZA PASSARÉ,2019.0
IPHONE 11,2500.0,FORTALEZA SIQUEIRA,2019.0
IPHONE 11,2500.0,FORTALEZA MONTE CASTELO,2019.0
IPHONE 11,2500.0,FORTALEZA MONTE CASTELO,2019.0
IPHONE 11,2500.0,FORTALEZA RODOLFO TEÓFILO,2019.0
IPHONE 11,2500.0,REDENÇÃO,2019.0
IPHONE 11,2549.0,MARACANAÚ CENTRO,2019.0
IPHONE 11,2550.0,FORTALEZA BOA VISTA-CASTELÃO,2019.0
IPHONE 11,2599.0,MARACANAÚ CENTRO,2019.0
IPHONE 11,2599.0,FORTALEZA CIDADE DOS FUNCIONÁRIOS,2019.0
IPHONE 11 PRO,2600.0,FORTALEZA SÃO GERARDO,2019.0
IPHONE 11,2600.0,MARACANAÚ PIRATININGA,2019.0
IPHONE 11,2600.0,FORTALEZA CRISTO REDENTOR,2019.0
IPHONE 11,2600.0,FORTALEZA MANOEL SÁTIRO,2019.0
IPHONE 11,2600.0,FORTALEZA MESSEJANA,2019.0
IPHONE 11,2600.0,FORTALEZA SÃO GERARDO,2019.0
IPHONE 12 MINI,2600.0,FORTALEZA JARDIM CEARENSE,2020.0
IPHONE 11,2600.0,FORTALEZA ALDEOTA,2019.0
IPHONE 11,2600.0,FORTALEZA PAPICU,2019.0
IPHONE 11 PRO,2600.0,FORTALEZA QUINTINO CUNHA,2019.0
IPHONE 11,2600.0,CAUCAIA NOVA METRÓPOLE (JUREMA),2019.0
IPHONE 12,2600.0,FORTALEZA VILA VELHA,2020.0
IPHONE 11,2600.0,FORTALEZA MANOEL SÁTIRO,2019.0
IPHONE 11 PRO,2600.0,MARACANAÚ TIMBÓ,2019.0
IPHONE 11,2640.0,FORTALEZA PASSARÉ,2019.0
IPHONE 11,2650.0,FORTALEZA CAMBEBA,2019.0
IPHONE 11 PRO,2699.0,FORTALEZA MONDUBIM,2019.0
IPHONE 12,2699.0,FORTALEZA MESSEJANA,2020.0
IPHONE 11,2699.0,FORTALEZA PAPICU,2019.0
IPHONE 11,2700.0,FORTALEZA PAPICU,2019.0
IPHONE 11 PRO,2700.0,FORTALEZA CARLITO PAMPLONA,2019.0
IPHONE 11,2700.0,PACATUBA SENADOR CARLOS JEREISSATI,2019.0
IPHONE 12 MINI,2700.0,CAUCAIA PLANALTO CAUCAIA,2020.0
IPHONE 11,2700.0,FORTALEZA QUINTINO CUNHA,2019.0
IPHONE 11,2700.0,FORTALEZA CONJUNTO CEARÁ I,2019.0
IPHONE 11 PRO MAX,2700.0,FORTALEZA VILA VELHA,2019.0
IPHONE 11,2700.0,FORTALEZA ITAPERI,2019.0
IPHONE 11,2700.0,FORTALEZA ITAPERI,2019.0
IPHONE 11,2700.0,AQUIRAZ,2019.0
IPHONE 11,2700.0,FORTALEZA MONTESE,2019.0
IPHONE 11,2700.0,FORTALEZA ÁLVARO WEYNE,2019.0
IPHONE 7 PLUS,2700.0,FORTALEZA BOA VISTA-CASTELÃO,2016.0
IPHONE 12,2700.0,FORTALEZA CAIS DO PORTO,2020.0
IPHONE 11,2700.0,FORTALEZA PASSARÉ,2019.0
IPHONE 11,2700.0,FORTALEZA MANOEL SÁTIRO,2019.0
IPHONE 11 PRO,2700.0,FORTALEZA PASSARÉ,2019.0
IPHONE 11 PRO,2700.0,FORTALEZA PASSARÉ,2019.0
IPHONE 11 PRO,2700.0,FORTALEZA CENTRO,2019.0
IPHONE 11 PRO MAX,2700.0,FORTALEZA PASSARÉ,2019.0
IPHONE 11,2700.0,FORTALEZA BONSUCESSO,2019.0
IPHONE 11,2700.0,FORTALEZA ENGENHEIRO LUCIANO CAVALCANTE,2019.0
IPHONE 11 PRO MAX,2700.0,FORTALEZA SIQUEIRA,2019.0
IPHONE 11,2700.0,FORTALEZA BENFICA,2019.0
IPHONE 11,2720.0,FORTALEZA JOAQUIM TÁVORA,2019.0
IPHONE 11,2750.0,FORTALEZA ALDEOTA,2019.0
IPHONE 12 MINI,2750.0,FORTALEZA COUTO FERNANDES,2020.0
IPHONE 11,2750.0,FORTALEZA PAUPINA,2019.0
IPHONE 11,2750.0,FORTALEZA VILA VELHA,2019.0
IPHONE 12,2750.0,FORTALEZA SÃO GERARDO,2020.0
IPHONE 11 PRO,2750.0,FORTALEZA LAGOA REDONDA,2019.0
IPHONE X,2760.0,FORTALEZA VILA UNIÃO,2017.0
IPHONE 11,2790.0,FORTALEZA CENTRO,2019.0
IPHONE 11,2790.0,FORTALEZA CENTRO,2019.0
IPHONE 11,2790.0,MARACANAÚ NOVO ORIENTE,2019.0
IPHONE 12,2799.0,PACATUBA SENADOR CARLOS JEREISSATI,2020.0
IPHONE 12,2799.0,FORTALEZA COCÓ,2020.0
IPHONE 11 PRO MAX,2799.0,AQUIRAZ,2019.0
IPHONE 11 PRO,2799.0,AQUIRAZ,2019.0
IPHONE 11 PRO MAX,2800.0,FORTALEZA CENTRO,2019.0
IPHONE 12,2800.0,FORTALEZA CONJUNTO CEARÁ I,2020.0
IPHONE 11,2800.0,FORTALEZA JARDIM DAS OLIVEIRAS,2019.0
IPHONE 11,2800.0,FORTALEZA BELA VISTA,2019.0
IPHONE 12,2800.0,FORTALEZA BARRA DO CEARÁ,2020.0
IPHONE 12,2800.0,FORTALEZA MONTESE,2020.0
IPHONE 11,2800.0,FORTALEZA MESSEJANA,2019.0
IPHONE 11,2800.0,FORTALEZA PARQUE ARAXÁ,2019.0
IPHONE 12 PRO,2800.0,FORTALEZA MEIRELES,2020.0
IPHONE 11,2800.0,FORTALEZA PARQUE DOIS IRMÃOS,2019.0
IPHONE 11,2800.0,FORTALEZA MEIRELES,2019.0
IPHONE 11 PRO,2800.0,AQUIRAZ,2019.0
IPHONE 11 PRO MAX,2800.0,FORTALEZA JOÃO XXIII,2019.0
IPHONE 11 PRO,2850.0,FORTALEZA GRANJA LISBOA,2019.0
IPHONE 12,2850.0,FORTALEZA BONSUCESSO,2020.0
IPHONE 12,2850.0,FORTALEZA PREFEITO JOSÉ WALTER,2020.0
IPHONE 11,2850.0,FORTALEZA RODOLFO TEÓFILO,2019.0
IPHONE 11,2850.0,FORTALEZA PAPICU,2019.0
IPHONE 12,2850.0,FORTALEZA CAMBEBA,2020.0
IPHONE 11,2850.0,FORTALEZA CIDADE DOS FUNCIONÁRIOS,2019.0
IPHONE 11 PRO,2899.0,FORTALEZA EDSON QUEIROZ,2019.0
IPHONE 11 PRO MAX,2900.0,FORTALEZA MESSEJANA,2019.0
IPHONE 11 PRO MAX,2900.0,FORTALEZA BARRA DO CEARÁ,2019.0
IPHONE 12 MINI,2900.0,PACATUBA CENTRO,2020.0
IPHONE 12,2900.0,EUSÉBIO URUCUNEMA,2020.0
IPHONE 11 PRO MAX,2900.0,FORTALEZA CENTRO,2019.0
IPHONE 12,2900.0,FORTALEZA PARANGABA,2020.0
IPHONE 11 PRO MAX,2900.0,MARACANAÚ NOVO ORIENTE,2019.0
IPHONE 11 PRO MAX,2900.0,FORTALEZA MESSEJANA,2019.0
IPHONE 11,2900.0,FORTALEZA QUINTINO CUNHA,2019.0
IPHONE 12,2900.0,FORTALEZA MESSEJANA,2020.0
IPHONE 11,2900.0,FORTALEZA BENFICA,2019.0
IPHONE 11 PRO,2900.0,FORTALEZA PICI,2019.0
IPHONE 11 PRO MAX,2900.0,FORTALEZA COCÓ,2019.0
IPHONE 11,2900.0,FORTALEZA BARRA DO CEARÁ,2019.0
IPHONE 11,2950.0,FORTALEZA CAJAZEIRAS,2019.0
IPHONE 11,2950.0,FORTALEZA CAJAZEIRAS,2019.0
IPHONE 11 PRO MAX,2950.0,PACAJUS,2019.0
IPHONE 11 PRO,2950.0,FORTALEZA CENTRO,2019.0
IPHONE 12,2999.0,FORTALEZA RODOLFO TEÓFILO,2020.0
IPHONE 12,2999.0,PACATUBA SENADOR CARLOS JEREISSATI,2020.0
IPHONE 11 PRO,2999.0,AQUIRAZ,2019.0
IPHONE 11 PRO,3000.0,FORTALEZA JACARECANGA,2019.0
IPHONE 12,3000.0,FORTALEZA ALDEOTA,2020.0
IPHONE 11 PRO,3000.0,EUSÉBIO CARARU,2019.0
IPHONE 11 PRO MAX,3000.0,FORTALEZA JOÃO XXIII,2019.0
IPHONE 11 PRO MAX,3000.0,FORTALEZA CENTRO,2019.0
IPHONE 11 PRO,3000.0,FORTALEZA PARQUE SÃO JOSÉ,2019.0
IPHONE 11,3000.0,FORTALEZA VICENTE PINZON,2019.0
IPHONE 12,3000.0,PACAJUS,2020.0
IPHONE X,3000.0,FORTALEZA SAPIRANGA-COITÉ,2017.0
IPHONE 11 PRO MAX,3000.0,CAUCAIA SÃO MIGUEL (JUREMA),2019.0
IPHONE 12,3000.0,FORTALEZA HENRIQUE JORGE,2020.0
IPHONE 11 PRO,3000.0,FORTALEZA MONTESE,2019.0
IPHONE 12,3000.0,FORTALEZA JARDIM DAS OLIVEIRAS,2020.0
IPHONE 12,3000.0,FORTALEZA JARDIM IRACEMA,2020.0
IPHONE 11,3000.0,AQUIRAZ,2019.0
IPHONE 11 PRO,3000.0,FORTALEZA BOA VISTA-CASTELÃO,2019.0
IPHONE 11,3000.0,FORTALEZA RODOLFO TEÓFILO,2019.0
IPHONE 12,3000.0,FORTALEZA BARRA DO CEARÁ,2020.0
IPHONE 13 MINI,3000.0,FORTALEZA COCÓ,2021.0
IPHONE 12 PRO,3000.0,FORTALEZA PASSARÉ,2020.0
IPHONE 12 PRO,3000.0,FORTALEZA CURIÓ,2020.0
IPHONE 11,3000.0,FORTALEZA PRESIDENTE KENNEDY,2019.0
IPHONE 11 PRO MAX,3000.0,FORTALEZA JANGURUSSU,2019.0
IPHONE 11 PRO MAX,3000.0,MARACANAÚ NOVO ORIENTE,2019.0
IPHONE 12,3000.0,FORTALEZA EDSON QUEIROZ,2020.0
IPHONE 11 PRO MAX,3000.0,CAUCAIA ICARAÍ,2019.0
IPHONE 11,3000.0,PACATUBA FORQUILHA,2019.0
IPHONE 12,3000.0,FORTALEZA MONDUBIM,2020.0
IPHONE 11,3000.0,FORTALEZA SIQUEIRA,2019.0
IPHONE 12,3000.0,FORTALEZA CONJUNTO ESPERANÇA,2020.0
IPHONE 11 PRO MAX,3000.0,FORTALEZA ENGENHEIRO LUCIANO CAVALCANTE,2019.0
IPHONE 12,3000.0,FORTALEZA SERRINHA,2020.0
IPHONE 11 PRO,3000.0,CAUCAIA ARIANÓPOLIS (JUREMA),2019.0
IPHONE 13 MINI,3000.0,FORTALEZA COCÓ,2021.0
IPHONE 11 PRO MAX,3000.0,FORTALEZA COCÓ,2019.0
IPHONE 12,3000.0,FORTALEZA MEIRELES,2020.0
IPHONE 11,3000.0,FORTALEZA CENTRO,2019.0
IPHONE 11 PRO MAX,3000.0,FORTALEZA MARAPONGA,2019.0
IPHONE 11 PRO,3000.0,FORTALEZA HENRIQUE JORGE,2019.0
IPHONE 11 PRO MAX,3049.0,FORTALEZA MESSEJANA,2019.0
IPHONE 12,3049.0,FORTALEZA MANOEL SÁTIRO,2020.0
IPHONE 12,3049.0,FORTALEZA MESSEJANA,2020.0
IPHONE 12,3050.0,FORTALEZA DIONISIO TORRES,2020.0
IPHONE 11 PRO MAX,3050.0,FORTALEZA PRAIA DE IRACEMA,2019.0
IPHONE 12,3099.0,FORTALEZA EDSON QUEIROZ,2020.0
IPHONE 12,3099.0,AQUIRAZ,2020.0
IPHONE 12,3099.0,EUSÉBIO TAMATANDUBA,2020.0
IPHONE 12,3099.0,MARACANAÚ CENTRO,2020.0
IPHONE 11 PRO MAX,3100.0,FORTALEZA PREFEITO JOSÉ WALTER,2019.0
IPHONE 12,3100.0,FORTALEZA BARRA DO CEARÁ,2020.0
IPHONE 11 PRO MAX,3100.0,MARANGUAPE PARQUE IRACEMA,2019.0
IPHONE 11 PRO,3100.0,FORTALEZA CAJAZEIRAS,2019.0
IPHONE 11 PRO,3100.0,FORTALEZA CAJAZEIRAS,2019.0
IPHONE 12,3100.0,FORTALEZA DEMÓCRITO ROCHA,2020.0
IPHONE 11 PRO,3100.0,MARACANAÚ JARDIM BANDEIRANTES,2019.0
IPHONE 11 PRO MAX,3100.0,FORTALEZA CIDADE DOS FUNCIONÁRIOS,2019.0
IPHONE 11,3100.0,FORTALEZA JÓQUEI CLUBE,2019.0
IPHONE 12,3150.0,FORTALEZA CAMBEBA,2020.0
IPHONE 12,3159.0,FORTALEZA PRESIDENTE KENNEDY,2020.0
IPHONE 11 PRO MAX,3199.0,FORTALEZA AEROLÂNDIA,2019.0
IPHONE 12,3199.0,FORTALEZA FÁTIMA,2020.0
IPHONE 12,3199.0,FORTALEZA SÃO GERARDO,2020.0
IPHONE 12,3200.0,FORTALEZA ALDEOTA,2020.0
IPHONE 12,3200.0,FORTALEZA MEIRELES,2020.0
IPHONE 11 PRO MAX,3200.0,CAUCAIA NOVA METRÓPOLE (JUREMA),2019.0
IPHONE 11 PRO,3200.0,FORTALEZA LAGOA REDONDA,2019.0
IPHONE 11 PRO MAX,3200.0,FORTALEZA MEIRELES,2019.0
IPHONE 12,3200.0,FORTALEZA MEIRELES,2020.0
IPHONE 11 PRO,3200.0,FORTALEZA MEIRELES,2019.0
IPHONE 12,3200.0,FORTALEZA ALDEOTA,2020.0
IPHONE 11 PRO MAX,3200.0,FORTALEZA MEIRELES,2019.0
IPHONE 11,3200.0,FORTALEZA PARREÃO,2019.0
IPHONE 12,3200.0,FORTALEZA CARLITO PAMPLONA,2020.0
IPHONE 11 PRO MAX,3200.0,FORTALEZA ARACAPÉ,2019.0
IPHONE 11 PRO MAX,3200.0,FORTALEZA MONTE CASTELO,2019.0
IPHONE 11 PRO MAX,3299.0,MARACANAÚ CENTRO,2019.0
IPHONE 12,3299.0,AQUIRAZ,2020.0
IPHONE 11 PRO MAX,3299.0,MARACANAÚ CENTRO,2019.0
IPHONE 11 PRO MAX,3300.0,EUSÉBIO CENTRO,2019.0
IPHONE 12,3300.0,FORTALEZA CAMBEBA,2020.0
IPHONE 12,3300.0,CAUCAIA ARATURI (JUREMA),2020.0
IPHONE 12,3300.0,FORTALEZA EDSON QUEIROZ,2020.0
IPHONE 11 PRO MAX,3350.0,FORTALEZA SALINAS,2019.0
IPHONE 11 PRO MAX,3399.0,MARACANAÚ CENTRO,2019.0
IPHONE 11 PRO MAX,3399.0,FORTALEZA CENTRO,2019.0
IPHONE 11 PRO MAX,3399.0,MARACANAÚ LUZARDO VIANA,2019.0
IPHONE 11 PRO MAX,3399.0,MARACANAÚ CENTRO,2019.0
IPHONE 11 PRO MAX,3399.0,MARACANAÚ CENTRO,2019.0
IPHONE 11 PRO MAX,3400.0,FORTALEZA MANUEL DIAS BRANCO,2019.0
IPHONE 11 PRO MAX,3400.0,FORTALEZA CARLITO PAMPLONA,2019.0
IPHONE 11 PRO MAX,3400.0,CAUCAIA IPARANA,2019.0
IPHONE 11 PRO MAX,3400.0,FORTALEZA MESSEJANA,2019.0
IPHONE 11 PRO,3400.0,FORTALEZA DAMAS,2019.0
IPHONE 12,3400.0,FORTALEZA DENDÊ,2020.0
IPHONE 11 PRO MAX,3400.0,FORTALEZA PEDRAS,2019.0
IPHONE 11 PRO MAX,3449.0,EUSÉBIO TAMATANDUBA,2019.0
IPHONE 12,3498.0,FORTALEZA CAJAZEIRAS,2020.0
IPHONE 11 PRO MAX,3499.0,MARACANAÚ CENTRO,2019.0
IPHONE 12,3499.0,FORTALEZA CONJUNTO CEARÁ II,2020.0
IPHONE 11 PRO MAX,3499.0,MARACANAÚ CENTRO,2019.0
IPHONE 11 PRO MAX,3500.0,FORTALEZA MUCURIPE,2019.0
IPHONE 12,3500.0,FORTALEZA ELLERY,2020.0
IPHONE 12,3500.0,FORTALEZA ALDEOTA,2020.0
IPHONE 12,3500.0,CAUCAIA NOVA METRÓPOLE (JUREMA),2020.0
IPHONE 12 PRO,3500.0,PACATUBA SENADOR CARLOS JEREISSATI,2020.0
IPHONE 12,3500.0,FORTALEZA PREFEITO JOSÉ WALTER,2020.0
IPHONE 12,3500.0,FORTALEZA PREFEITO JOSÉ WALTER,2020.0
IPHONE 12,3500.0,FORTALEZA JOÃO XXIII,2020.0
IPHONE 11 PRO MAX,3500.0,FORTALEZA SERRINHA,2019.0
IPHONE 12,3500.0,FORTALEZA ALDEOTA,2020.0
IPHONE 11 PRO MAX,3500.0,FORTALEZA JARDIM IRACEMA,2019.0
IPHONE 11 PRO MAX,3500.0,FORTALEZA PASSARÉ,2019.0
IPHONE 12,3500.0,FORTALEZA VILA VELHA,2020.0
IPHONE 11,3500.0,AQUIRAZ,2019.0
IPHONE 11 PRO MAX,3500.0,FORTALEZA PARANGABA,2019.0
IPHONE 11 PRO MAX,3500.0,MARACANAÚ JARDIM BANDEIRANTES,2019.0
IPHONE 11 PRO MAX,3500.0,FORTALEZA FÁTIMA,2019.0
IPHONE 12,3500.0,FORTALEZA PARANGABA,2020.0
IPHONE 12,3500.0,CASCAVEL,2020.0
IPHONE 11 PRO,3500.0,FORTALEZA BARRA DO CEARÁ,2019.0
IPHONE 12,3500.0,FORTALEZA QUINTINO CUNHA,2020.0
IPHONE 12,3500.0,FORTALEZA CRISTO REDENTOR,2020.0
IPHONE 11 PRO MAX,3500.0,FORTALEZA GRANJA LISBOA,2019.0
IPHONE 13 MINI,3550.0,MARACANAÚ ALTO DA MANGUEIRA,2021.0
IPHONE 13,3580.0,FORTALEZA PIRAMBU,2021.0
IPHONE 12,3600.0,CAUCAIA TABAPUÁ,2020.0
IPHONE 12 PRO,3650.0,FORTALEZA PARANGABA,2020.0
IPHONE 11 PRO MAX,3700.0,FORTALEZA VARJOTA,2019.0
IPHONE SE,3700.0,FORTALEZA PARQUE DOIS IRMÃOS,2022.0
IPHONE 13,3700.0,FORTALEZA MEIRELES,2021.0
IPHONE 13,3799.0,FORTALEZA ALDEOTA,2021.0
IPHONE XS MAX,3800.0,FORTALEZA PAPICU,2018.0
IPHONE 11 PRO MAX,3800.0,FORTALEZA MEIRELES,2019.0
IPHONE 13,3800.0,FORTALEZA CANINDEZINHO,2021.0
IPHONE 12 PRO MAX,3800.0,FORTALEZA CARLITO PAMPLONA,2020.0
IPHONE 13,3800.0,FORTALEZA BONSUCESSO,2021.0
IPHONE 13,3800.0,FORTALEZA ALDEOTA,2021.0
IPHONE 11 PRO MAX,3800.0,FORTALEZA PLANALTO AYRTON SENNA,2019.0
IPHONE 12,3800.0,FORTALEZA PARQUE DOIS IRMÃOS,2020.0
IPHONE 13,3850.0,FORTALEZA FARIAS BRITO,2021.0
IPHONE 13,3899.0,FORTALEZA PAPICU,2021.0
IPHONE 12 PRO MAX,3900.0,FORTALEZA SERRINHA,2020.0
IPHONE 13,3900.0,CAUCAIA,2021.0
IPHONE 12,3900.0,CASCAVEL,2020.0
IPHONE 12,3950.0,FORTALEZA ELLERY,2020.0
IPHONE 13,3980.0,FORTALEZA JACARECANGA,2021.0
IPHONE 12 PRO MAX,3990.0,FORTALEZA JANGURUSSU,2020.0
IPHONE 13,3990.0,FORTALEZA DOM LUSTOSA,2021.0
IPHONE 12 PRO MAX,3999.0,FORTALEZA VILA PERI,2020.0
IPHONE 12 PRO,3999.0,FORTALEZA PARQUE IRACEMA,2020.0
IPHONE 13,3999.0,FORTALEZA JOAQUIM TÁVORA,2021.0
IPHONE 12 PRO,3999.0,FORTALEZA PARQUE IRACEMA,2020.0
IPHONE 11 PRO MAX,3999.0,MARACANAÚ LUZARDO VIANA,2019.0
IPHONE 13,3999.0,FORTALEZA PADRE ANDRADE,2021.0
IPHONE 13,3999.0,FORTALEZA AEROPORTO,2021.0
IPHONE 13,4000.0,FORTALEZA ANTÔNIO BEZERRA,2021.0
IPHONE 13,4000.0,EUSÉBIO JABUTI,2021.0
IPHONE 13 PRO MAX,4000.0,PACATUBA SENADOR CARLOS JEREISSATI,2021.0
IPHONE 13,4000.0,FORTALEZA VICENTE PINZON,2021.0
IPHONE 13,4000.0,FORTALEZA PANAMERICANO,2021.0
IPHONE 12 PRO,4000.0,FORTALEZA JANGURUSSU,2020.0
IPHONE 12 PRO,4000.0,FORTALEZA DENDÊ,2020.0
IPHONE 13 MINI,4000.0,CAUCAIA PADRE ROMUALDO,2021.0
IPHONE 13,4000.0,FORTALEZA JACARECANGA,2021.0
IPHONE 13,4000.0,MARACANAÚ TIMBÓ,2021.0
IPHONE 12,4000.0,MARANGUAPE CÔNEGO RAIMUNDO PINTO,2020.0
IPHONE 11 PRO MAX,4000.0,FORTALEZA HENRIQUE JORGE,2019.0
IPHONE 12 PRO,4050.0,FORTALEZA CENTRO,2020.0
IPHONE 12 PRO MAX,4099.0,FORTALEZA RODOLFO TEÓFILO,2020.0
IPHONE 12 PRO MAX,4100.0,FORTALEZA FLORESTA,2020.0
IPHONE 12 PRO,4100.0,FORTALEZA ALDEOTA,2020.0
IPHONE 13,4150.0,FORTALEZA CENTRO,2021.0
IPHONE 12 PRO MAX,4199.0,FORTALEZA PAPICU,2020.0
IPHONE 12 PRO,4199.0,FORTALEZA MEIRELES,2020.0
IPHONE 12 PRO MAX,4200.0,FORTALEZA VICENTE PINZON,2020.0
IPHONE 13,4200.0,CANINDÉ,2021.0
IPHONE 13,4200.0,FORTALEZA JARDIM DAS OLIVEIRAS,2021.0
IPHONE 12 PRO MAX,4200.0,FORTALEZA FLORESTA,2020.0
IPHONE 12 PRO MAX,4200.0,CAUCAIA PARQUE GUADALAJARA (JUREMA),2020.0
IPHONE 13,4200.0,MARACANAÚ,2021.0
IPHONE 13,4200.0,CANINDÉ,2021.0
IPHONE 13 MINI,4200.0,FORTALEZA MESSEJANA,2021.0
IPHONE 12 PRO,4200.0,FORTALEZA PARQUE ARAXÁ,2020.0
IPHONE 12,4200.0,CAUCAIA PARQUE GUADALAJARA (JUREMA),2020.0
IPHONE 12 PRO MAX,4250.0,CAUCAIA ARATURI (JUREMA),2020.0
IPHONE 12 PRO,4250.0,FORTALEZA CAJAZEIRAS,2020.0
IPHONE 13,4299.0,PARACURU,2021.0
IPHONE 12 PRO MAX,4299.0,FORTALEZA JÓQUEI CLUBE,2020.0
IPHONE 12 PRO MAX,4300.0,FORTALEZA MONDUBIM,2020.0
IPHONE 12 PRO,4300.0,MARACANAÚ PAJUÇARA,2020.0
IPHONE 13,4300.0,MARACANAÚ NOVO ORIENTE,2021.0
IPHONE 12 PRO MAX,4300.0,FORTALEZA AMADEU FURTADO,2020.0
IPHONE 12 PRO MAX,4300.0,FORTALEZA BOA VISTA-CASTELÃO,2020.0
IPHONE 12 PRO,4350.0,FORTALEZA ALDEOTA,2020.0
IPHONE 12 PRO MAX,4350.0,FORTALEZA JACARECANGA,2020.0
IPHONE 12 PRO MAX,4350.0,FORTALEZA AMADEU FURTADO,2020.0
IPHONE 12 PRO MAX,4399.0,FORTALEZA CIDADE 2000,2020.0
IPHONE 13,4399.0,EUSÉBIO TAMATANDUBA,2021.0
IPHONE 12 PRO MAX,4400.0,FORTALEZA JÓQUEI CLUBE,2020.0
IPHONE 13,4400.0,FORTALEZA ALDEOTA,2021.0
IPHONE 12 PRO MAX,4400.0,FORTALEZA JÓQUEI CLUBE,2020.0
IPHONE 12 PRO MAX,4400.0,FORTALEZA MEIRELES,2020.0
IPHONE 12 PRO MAX,4449.0,FORTALEZA JARDIM DAS OLIVEIRAS,2020.0
IPHONE 12 PRO,4499.0,FORTALEZA JOSÉ BONIFÁCIO,2020.0
IPHONE 12 PRO MAX,4499.0,FORTALEZA MESSEJANA,2020.0
IPHONE 12 PRO MAX,4499.0,MARACANAÚ CENTRO,2020.0
IPHONE 13,4499.0,FORTALEZA COCÓ,2021.0
IPHONE 12 PRO MAX,4499.0,FORTALEZA PAPICU,2020.0
IPHONE 12 PRO MAX,4499.0,MARACANAÚ CENTRO,2020.0
IPHONE 12 PRO MAX,4500.0,FORTALEZA MONTESE,2020.0
IPHONE 12 PRO MAX,4500.0,EUSÉBIO CIDADE ALPHA,2020.0
IPHONE 12,4500.0,FORTALEZA CENTRO,2020.0
IPHONE 12 PRO MAX,4500.0,FORTALEZA GRANJA LISBOA,2020.0
IPHONE 12 PRO MAX,4500.0,FORTALEZA MONTE CASTELO,2020.0
IPHONE 12 PRO MAX,4500.0,FORTALEZA COAÇU,2020.0
IPHONE 13,4500.0,FORTALEZA JARDIM AMÉRICA,2021.0
IPHONE 12 PRO MAX,4500.0,FORTALEZA JANGURUSSU,2020.0
IPHONE 12 PRO MAX,4500.0,FORTALEZA TAUAPE,2020.0
IPHONE 12 PRO MAX,4500.0,FORTALEZA MEIRELES,2020.0
IPHONE 12 PRO MAX,4549.0,FORTALEZA AEROLÂNDIA,2020.0
IPHONE 13 PRO,4550.0,FORTALEZA JOSÉ DE ALENCAR,2021.0
IPHONE 13 PRO,4550.0,FORTALEZA JOSÉ DE ALENCAR,2021.0
IPHONE 12 PRO MAX,4599.0,MARACANAÚ CENTRO,2020.0
IPHONE 12 PRO MAX,4599.0,FORTALEZA CIDADE 2000,2020.0
IPHONE 12 PRO MAX,4599.0,FORTALEZA EDSON QUEIROZ,2020.0
IPHONE 12 PRO MAX,4599.0,MARACANAÚ LUZARDO VIANA,2020.0
IPHONE 12 PRO MAX,4599.0,MARACANAÚ LUZARDO VIANA,2020.0
IPHONE 12 PRO MAX,4599.0,MARACANAÚ CENTRO,2020.0
IPHONE 12 PRO MAX,4599.0,CAUCAIA PACHECO,2020.0
IPHONE 12 PRO MAX,4599.0,MARACANAÚ CENTRO,2020.0
IPHONE 13,4600.0,FORTALEZA CIDADE 2000,2021.0
IPHONE 14,4600.0,FORTALEZA MARAPONGA,2022.0
IPHONE 13 PRO,4700.0,FORTALEZA ALDEOTA,2021.0
IPHONE 13,4700.0,FORTALEZA PIRAMBU,2021.0
IPHONE 12 PRO MAX,4800.0,FORTALEZA GRANJA LISBOA,2020.0
IPHONE 13,4800.0,FORTALEZA VICENTE PINZON,2021.0
IPHONE 13 PRO,4800.0,FORTALEZA ELLERY,2021.0
IPHONE 12 PRO MAX,4899.0,FORTALEZA DIONISIO TORRES,2020.0
IPHONE 12 PRO MAX,4999.0,FORTALEZA PARANGABA,2020.0
IPHONE 12 PRO MAX,5000.0,FORTALEZA ANTÔNIO BEZERRA,2020.0
IPHONE 12 PRO MAX,5000.0,ACARAPE,2020.0
IPHONE XS MAX,5000.0,CAUCAIA SÃO MIGUEL (JUREMA),2018.0
IPHONE 13 PRO MAX,5000.0,FORTALEZA PADRE ANDRADE,2021.0
IPHONE 13,5000.0,FORTALEZA ALDEOTA,2021.0
IPHONE 13 PRO MAX,5000.0,FORTALEZA MEIRELES,2021.0
IPHONE 13,5000.0,FORTALEZA HENRIQUE JORGE,2021.0
IPHONE 13 PRO MAX,5100.0,FORTALEZA MESSEJANA,2021.0
IPHONE 12 PRO MAX,5100.0,FORTALEZA CONJUNTO CEARÁ II,2020.0
IPHONE 13 PRO MAX,5100.0,FORTALEZA FLORESTA,2021.0
IPHONE 13 PRO,5100.0,FORTALEZA FÁTIMA,2021.0
IPHONE 13 PRO MAX,5100.0,FORTALEZA CONJUNTO CEARÁ II,2021.0
IPHONE 13,5150.0,PACATUBA SENADOR CARLOS JEREISSATI,2021.0
IPHONE 13 PRO MAX,5150.0,FORTALEZA PADRE ANDRADE,2021.0
IPHONE 13 PRO MAX,5150.0,FORTALEZA PASSARÉ,2021.0
IPHONE 13 PRO,5199.0,FORTALEZA COCÓ,2021.0
IPHONE 13 PRO,5199.0,FORTALEZA COCÓ,2021.0
IPHONE 13 PRO MAX,5200.0,FORTALEZA COCÓ,2021.0
IPHONE 14 MINI,5250.0,FORTALEZA ALDEOTA,2022.0
IPHONE 13 PRO,5299.0,FORTALEZA EDSON QUEIROZ,2021.0
IPHONE 13 PRO,5299.0,CAUCAIA PARQUE GUADALAJARA (JUREMA),2021.0
IPHONE 13 PRO MAX,5300.0,FORTALEZA FLORESTA,2021.0
IPHONE 13 PRO MAX,5499.0,FORTALEZA MEIRELES,2021.0
IPHONE 13 PRO MAX,5499.0,FORTALEZA MEIRELES,2021.0
IPHONE 13 PRO MAX,5500.0,FORTALEZA VARJOTA,2021.0
IPHONE 13 PRO MAX,5500.0,FORTALEZA JÓQUEI CLUBE,2021.0
IPHONE 13 PRO MAX,5500.0,FORTALEZA MEIRELES,2021.0
IPHONE 13 PRO MAX,5500.0,FORTALEZA RODOLFO TEÓFILO,2021.0
IPHONE 13 PRO,5500.0,FORTALEZA ENGENHEIRO LUCIANO CAVALCANTE,2021.0
IPHONE 13 PRO MAX,5500.0,FORTALEZA CAIS DO PORTO,2021.0
IPHONE 13,5500.0,FORTALEZA MEIRELES,2021.0
IPHONE 13 PRO MAX,5599.0,FORTALEZA PAPICU,2021.0
IPHONE 13 PRO MAX,5600.0,CAUCAIA PLANALTO CAUCAIA,2021.0
IPHONE 12 PRO MAX,5600.0,FORTALEZA DENDÊ,2020.0
IPHONE 13 PRO MAX,5600.0,FORTALEZA CONJUNTO PALMEIRAS,2021.0
IPHONE 13 PRO MAX,5699.0,FORTALEZA PAPICU,2021.0
IPHONE 13 PRO MAX,5699.0,FORTALEZA MEIRELES,2021.0
IPHONE 13 PRO,5700.0,FORTALEZA JOSÉ BONIFÁCIO,2021.0
IPHONE 14 PRO,5700.0,FORTALEZA ENGENHEIRO LUCIANO CAVALCANTE,2022.0
IPHONE 12 PRO MAX,5750.0,FORTALEZA PARANGABA,2020.0
IPHONE 13 PRO MAX,5799.0,FORTALEZA EDSON QUEIROZ,2021.0
IPHONE 13 PRO MAX,5800.0,MARANGUAPE GUABIRABA,2021.0
IPHONE 13 PRO MAX,5800.0,FORTALEZA JACARECANGA,2021.0
IPHONE 13 PRO MAX,5800.0,FORTALEZA ALDEOTA,2021.0
IPHONE 13 PRO MAX,5800.0,FORTALEZA AEROLÂNDIA,2021.0
IPHONE 13 PRO MAX,5800.0,FORTALEZA RODOLFO TEÓFILO,2021.0
IPHONE 13 PRO,5800.0,CAUCAIA CUMBUCO,2021.0
IPHONE 13 PRO MAX,5800.0,FORTALEZA VILA VELHA,2021.0
IPHONE 13 PRO MAX,5850.0,FORTALEZA MESSEJANA,2021.0
IPHONE 13 PRO,5850.0,EUSÉBIO COAÇU,2021.0
IPHONE 13 PRO MAX,5890.0,FORTALEZA MEIRELES,2021.0
IPHONE 14 PRO,5890.0,FORTALEZA DE LOURDES,2022.0
IPHONE 13 PRO MAX,5950.0,FORTALEZA ALDEOTA,2021.0
IPHONE 13 PRO MAX,5950.0,FORTALEZA CIDADE 2000,2021.0
IPHONE 12 PRO MAX,5999.0,FORTALEZA JOSÉ BONIFÁCIO,2020.0
IPHONE 13 PRO MAX,5999.0,FORTALEZA JOAQUIM TÁVORA,2021.0
IPHONE 13 PRO MAX,6000.0,FORTALEZA VARJOTA,2021.0
IPHONE 13 PRO MAX,6000.0,FORTALEZA JÓQUEI CLUBE,2021.0
IPHONE 12 PRO MAX,6000.0,FORTALEZA EDSON QUEIROZ,2020.0
IPHONE 13 PRO MAX,6000.0,FORTALEZA RODOLFO TEÓFILO,2021.0
IPHONE 13 PRO,6000.0,MARACANAÚ TIMBÓ,2021.0
IPHONE 13 PRO MAX,6200.0,FORTALEZA ANTÔNIO BEZERRA,2021.0
IPHONE 13 PRO MAX,6250.0,FORTALEZA MEIRELES,2021.0
IPHONE 13 PRO MAX,6290.0,FORTALEZA ALDEOTA,2021.0
IPHONE 14 PRO,6299.0,FORTALEZA TAUAPE,2022.0
IPHONE 14 PRO,6299.0,FORTALEZA TAUAPE,2022.0
IPHONE 14 PRO MAX,6450.0,MARACANAÚ NOVO MARACANAÚ,2022.0
IPHONE 14 PRO,6499.0,CAUCAIA TABAPUÁ,2022.0
IPHONE 14 PRO MAX,6499.0,FORTALEZA PAPICU,2022.0
IPHONE 13 PRO MAX,6500.0,FORTALEZA TAUAPE,2021.0
IPHONE 13 PRO MAX,6500.0,FORTALEZA DIONISIO TORRES,2021.0
IPHONE 13 PRO MAX,6800.0,FORTALEZA COCÓ,2021.0
IPHONE 14 PRO MAX,6900.0,FORTALEZA MARAPONGA,2022.0
IPHONE 14 PRO MAX,6999.0,MARANGUAPE CENTRO,2022.0
IPHONE 14 PRO MAX,7190.0,FORTALEZA ITAPERI,2022.0
IPHONE 14 PRO MAX,7200.0,FORTALEZA SAPIRANGA-COITÉ,2022.0
IPHONE 14 PRO MAX,7399.0,FORTALEZA MEIRELES,2022.0
IPHONE 13 PRO MAX,7500.0,FORTALEZA PARQUE PRESIDENTE VARGAS,2021.0
IPHONE 14 PRO MAX,7500.0,FORTALEZA MANOEL SÁTIRO,2022.0
IPHONE 14 PRO MAX,7500.0,FORTALEZA MUCURIPE,2022.0
IPHONE 13 PRO,7500.0,MARACANAÚ PAJUÇARA,2021.0
